1,2004-11-03 21:02:27,2024-11-03 21:02:29,0:00:02.000869,test
1,2014-11-03 21:08:34,2024-11-03 21:08:36,0:00:02.001222,test
1,2024-11-03 21:10:00,2024-11-03 21:10:02,0:00:02.001315,test
1,2034-11-03 21:12:26.131363,2020-11-03 21:12:28.132540,0:00:02.000177,test
1,2044-11-03 21:12:42.154094,2034-11-03 21:12:44.154308,0:00:02.000214,test
1,2054-11-03 21:13:36.956305,2014-11-14 18:10:25.925905,"1000000 days, 0:00:00",test
1,2064-11-03 21:14:03.138607,2024-11-14 18:10:52.108207,"11 days, 13:46:40",test
2,2024-11-03 21:22:44.008319,2024-11-14 18:19:32.977919,"11 days, 13:46:40",test
1,2024-11-03 21:22:52.525664,2024-11-03 21:22:52.525664,,
1,2024-11-03 21:22:53.480869,2024-11-03 21:22:53.480869,,
1,2024-11-03 21:24:28.833301,2024-11-14 18:21:17.802901,"11 days, 13:46:40",test
1,2024-11-03 21:25:24.718103,2024-11-14 18:22:13.687703,"11 days, 13:46:40",test
1,2024-11-03 21:27:52.568240,2024-11-14 18:24:41.537840,"11 days, 13:46:40",test
1,2024-11-03 21:28:26.740427,2024-11-14 18:25:15.710027,"11 days, 13:46:40",test
1,2024-11-03 21:30:49.247151,2024-11-14 18:27:38.216751,"11 days, 13:46:40",test
1,2024-11-03 21:32:39.614430,2024-11-14 18:29:28.584030,"11 days, 13:46:40",test
