1,2021-09-05 02:53:29,2279-09-08 22:55:44,0:01:12,test
10,1935-11-23 18:46:56,1935-11-23 18:46:56,,
1,1999-03-25 20:07:12,2244-03-22 01:09:48,3:43:45,test
10,1981-12-23 03:19:41,1981-12-23 03:19:41,,
1,1881-01-03 04:39:05,2207-04-04 13:50:00,10:57:02,test
10,2066-11-17 22:44:39,2066-11-17 22:44:39,,
1,1850-01-12 06:52:15,2156-04-10 02:02:57,2:15:51,test
10,2090-07-23 15:04:59,2090-07-23 15:04:59,,
1,1859-02-22 04:14:59,2034-05-02 20:51:39,6:47:31,test
10,2143-10-10 03:20:43,2143-10-10 03:20:43,,
1,2006-03-13 21:49:40,2158-12-03 06:23:26,20:09:03,test
10,2081-04-16 00:42:23,2081-04-16 00:42:23,,
1,1916-04-29 02:09:42,2280-01-20 18:22:17,18:55:29,test
10,1987-01-24 03:19:19,1987-01-24 03:19:19,,
1,1939-02-06 20:23:21,2256-09-01 18:02:22,1:39:52,test
10,1830-07-21 02:48:03,1830-07-21 02:48:03,,
1,1801-08-16 01:32:31,2104-12-05 07:56:13,17:46:57,test
10,2069-05-28 18:59:59,2069-05-28 18:59:59,,
1,1929-06-24 12:57:23,2058-08-30 10:14:36,5:58:25,test
10,1811-08-02 22:42:29,1811-08-02 22:42:29,,
1,1900-07-29 07:13:40,2076-10-01 03:48:23,13:05:38,test
10,2208-07-17 22:25:59,2208-07-17 22:25:59,,
1,1988-02-25 23:08:23,2132-07-11 21:11:21,5:09:12,test
10,1992-11-23 15:39:10,1992-11-23 15:39:10,,
1,1897-02-05 06:37:31,2121-09-08 01:02:42,2:25:05,test
10,2260-05-07 13:34:42,2260-05-07 13:34:42,,
1,1769-02-12 23:45:16,2204-03-20 08:36:46,23:00:23,test
10,2043-07-05 02:06:17,2043-07-05 02:06:17,,
1,1843-12-04 14:49:56,2151-12-11 15:25:04,7:56:41,test
10,2186-11-07 01:00:19,2186-11-07 01:00:19,,
1,1973-09-01 17:32:36,2249-08-13 01:29:27,4:46:52,test
10,2085-03-03 07:29:00,2085-03-03 07:29:00,,
1,1812-08-22 12:33:22,2292-08-08 12:34:17,17:58:47,test
10,2027-04-23 11:14:22,2027-04-23 11:14:22,,
1,1856-05-15 13:36:04,2155-10-26 08:25:29,1:13:13,test
10,1921-10-26 23:46:26,1921-10-26 23:46:26,,
1,1896-11-30 21:10:37,2293-11-10 23:00:04,20:06:57,test
10,2194-02-12 11:31:43,2194-02-12 11:31:43,,
1,1786-11-07 08:13:33,2254-11-21 22:30:46,16:48:17,test
10,2124-06-04 09:46:40,2124-06-04 09:46:40,,
1,2009-06-05 08:46:34,2206-11-30 03:05:21,19:55:59,test
10,1916-04-09 11:31:40,1916-04-09 11:31:40,,
1,1770-04-22 00:45:45,2054-09-23 16:54:00,22:17:59,test
10,1891-06-27 03:19:47,1891-06-27 03:19:47,,
1,1800-07-26 11:08:38,2291-03-01 14:07:45,13:52:55,test
10,1961-09-02 09:19:28,1961-09-02 09:19:28,,
1,1972-05-24 11:46:38,2160-01-07 08:38:15,22:15:14,test
10,2134-03-18 11:06:36,2134-03-18 11:06:36,,
1,1992-08-10 05:31:04,2184-04-17 02:11:15,19:52:13,test
10,1945-08-23 18:58:14,1945-08-23 18:58:14,,
1,1902-07-25 08:02:02,2092-07-23 12:52:09,22:10:16,test
10,1908-08-01 19:40:54,1908-08-01 19:40:54,,
1,1817-03-28 18:14:15,2117-10-25 18:48:05,0:08:27,test
10,2168-11-01 04:37:47,2168-11-01 04:37:47,,
1,1941-11-21 02:59:51,2223-03-28 10:58:09,0:32:14,test
10,2123-08-12 16:24:24,2123-08-12 16:24:24,,
1,1751-05-30 23:33:04,2079-02-27 14:07:48,21:33:29,test
10,1867-06-01 03:35:58,1867-06-01 03:35:58,,
1,1885-01-22 08:50:53,2115-11-29 05:23:09,16:39:03,test
10,2117-02-09 21:23:17,2117-02-09 21:23:17,,
1,2005-06-06 12:47:00,2084-12-30 07:55:43,15:53:15,test
10,2018-06-08 21:29:53,2018-06-08 21:29:53,,
1,1946-11-19 21:59:43,2109-04-21 20:59:00,13:45:01,test
10,2220-03-13 04:42:05,2220-03-13 04:42:05,,
1,1801-03-30 09:21:14,2122-08-29 12:20:14,2:02:34,test
10,2294-05-27 13:34:33,2294-05-27 13:34:33,,
1,1952-10-07 10:37:04,2148-05-03 11:25:18,5:23:40,test
10,2091-04-01 10:30:39,2091-04-01 10:30:39,,
1,1862-03-03 11:09:39,2033-03-20 22:37:41,2:51:20,test
10,1973-09-19 01:49:03,1973-09-19 01:49:03,,
1,1962-07-13 00:30:56,2260-10-09 15:52:08,16:23:34,test
10,2153-11-19 08:28:50,2153-11-19 08:28:50,,
1,1800-04-06 14:30:14,2158-11-14 09:16:16,8:16:08,test
10,2072-09-20 06:49:24,2072-09-20 06:49:24,,
1,1962-04-04 03:19:41,2097-01-05 02:33:37,1:00:28,test
10,1917-10-11 12:46:19,1917-10-11 12:46:19,,
1,1902-03-24 08:11:47,2213-11-03 09:48:47,2:01:32,test
10,1851-05-31 00:50:05,1851-05-31 00:50:05,,
1,1952-06-12 18:16:07,2151-01-22 01:30:40,9:25:59,test
10,2171-02-23 04:56:10,2171-02-23 04:56:10,,
1,1860-07-13 15:19:47,2149-09-23 06:01:11,2:30:27,test
10,2118-02-24 10:47:57,2118-02-24 10:47:57,,
1,1763-08-17 08:41:06,2293-05-10 22:27:51,1:48:46,test
10,1997-01-25 18:18:36,1997-01-25 18:18:36,,
1,1754-07-19 22:23:06,2190-06-23 01:38:59,7:11:21,test
10,2172-07-08 22:59:42,2172-07-08 22:59:42,,
1,1883-08-09 08:07:57,2148-07-03 10:32:55,16:53:06,test
10,2183-12-17 14:45:06,2183-12-17 14:45:06,,
1,1945-01-26 19:49:32,2214-01-29 21:35:51,1:24:04,test
10,2244-09-03 00:54:05,2244-09-03 00:54:05,,
1,1895-06-13 02:32:27,2291-11-16 21:21:22,8:37:44,test
10,1994-07-17 12:56:27,1994-07-17 12:56:27,,
1,1877-07-31 03:06:29,2200-01-19 08:41:08,11:52:07,test
10,1765-05-19 11:23:05,1765-05-19 11:23:05,,
1,2022-10-15 06:38:42,2080-05-31 18:16:47,19:57:45,test
10,1841-09-28 07:16:56,1841-09-28 07:16:56,,
1,2012-07-18 08:37:11,2161-03-30 15:14:14,2:57:26,test
10,2042-09-28 14:28:28,2042-09-28 14:28:28,,
1,1930-03-01 20:34:38,2153-02-19 23:57:25,23:08:57,test
10,2129-08-20 10:51:27,2129-08-20 10:51:27,,
1,1892-04-01 05:37:08,2156-01-06 03:23:30,22:23:06,test
10,2182-10-19 11:59:22,2182-10-19 11:59:22,,
1,1898-07-18 08:03:36,2056-08-13 20:21:45,2:35:29,test
10,2038-03-24 14:25:36,2038-03-24 14:25:36,,
1,1925-11-06 04:12:43,2182-09-14 23:54:15,12:48:19,test
10,1956-06-12 13:41:09,1956-06-12 13:41:09,,
1,1958-03-25 13:30:44,2171-11-15 00:45:53,3:15:36,test
10,2134-07-02 14:58:03,2134-07-02 14:58:03,,
1,1836-03-20 05:23:02,2250-02-05 11:37:49,7:17:27,test
10,1929-04-16 13:39:35,1929-04-16 13:39:35,,
1,1924-05-04 01:39:13,2256-01-04 16:57:09,0:33:55,test
10,2250-09-13 03:30:56,2250-09-13 03:30:56,,
1,1843-09-11 21:06:59,2097-08-27 13:56:27,0:32:23,test
10,1899-05-04 23:26:52,1899-05-04 23:26:52,,
1,1853-09-23 09:41:32,2134-07-18 02:04:52,1:51:51,test
10,1926-11-08 08:21:52,1926-11-08 08:21:52,,
1,1788-05-06 22:34:11,2167-12-31 13:55:06,1:32:54,test
10,1981-09-27 04:32:24,1981-09-27 04:32:24,,
1,2021-08-16 08:58:13,2161-05-14 12:00:32,23:46:06,test
10,2297-07-13 14:58:22,2297-07-13 14:58:22,,
1,1895-09-11 15:26:29,2121-10-15 17:50:09,14:35:31,test
10,1902-04-01 10:15:55,1902-04-01 10:15:55,,
1,1918-12-24 16:15:40,2038-04-19 12:04:47,8:12:38,test
10,2169-05-25 06:46:56,2169-05-25 06:46:56,,
1,1798-01-26 09:31:20,2124-02-13 01:45:24,20:51:10,test
10,2086-12-29 23:21:30,2086-12-29 23:21:30,,
1,1887-03-05 19:16:30,2193-04-30 20:17:25,10:00:43,test
10,2194-03-11 06:43:02,2194-03-11 06:43:02,,
1,1845-02-04 09:55:58,2051-04-09 22:24:52,13:42:43,test
10,1927-02-18 12:47:37,1927-02-18 12:47:37,,
1,1913-12-15 19:02:33,2206-05-12 05:31:33,3:50:35,test
10,2211-04-20 22:25:50,2211-04-20 22:25:50,,
1,1770-05-18 20:05:25,2171-07-15 07:05:26,21:52:47,test
10,2179-10-27 23:51:28,2179-10-27 23:51:28,,
1,1790-03-08 07:30:16,2135-02-02 19:35:48,0:30:17,test
10,2232-08-26 01:50:56,2232-08-26 01:50:56,,
1,1977-01-14 23:23:12,2289-07-11 22:39:22,12:56:01,test
10,1757-10-24 14:16:37,1757-10-24 14:16:37,,
1,1952-03-04 07:29:48,2117-08-14 02:36:13,3:16:53,test
10,2064-03-20 16:09:32,2064-03-20 16:09:32,,
1,1982-06-05 22:23:37,2248-09-13 20:48:17,22:44:22,test
10,2181-09-04 06:20:14,2181-09-04 06:20:14,,
1,1912-08-31 22:15:58,2232-09-13 02:26:31,12:33:01,test
10,2003-09-23 03:22:23,2003-09-23 03:22:23,,
1,2012-03-14 11:33:23,2109-12-24 02:46:31,0:09:15,test
10,1832-08-06 07:06:50,1832-08-06 07:06:50,,
1,1982-05-12 12:53:44,2162-09-16 13:08:25,8:00:54,test
10,2041-11-26 12:41:22,2041-11-26 12:41:22,,
1,1930-12-11 15:30:22,2199-02-28 17:12:40,0:40:18,test
10,1934-11-17 21:37:41,1934-11-17 21:37:41,,
1,1812-05-30 10:16:43,2143-08-24 21:38:01,17:55:36,test
10,2102-11-19 02:29:15,2102-11-19 02:29:15,,
1,1980-02-18 14:20:35,2078-05-30 19:24:33,6:50:39,test
10,2031-01-08 03:15:11,2031-01-08 03:15:11,,
1,1843-09-25 07:11:08,2264-07-22 06:58:09,8:09:38,test
10,2099-05-25 03:23:21,2099-05-25 03:23:21,,
1,1890-02-17 00:58:32,2141-06-05 08:11:16,17:46:10,test
10,1973-01-22 06:10:11,1973-01-22 06:10:11,,
1,2022-10-22 14:22:32,2186-04-12 05:06:59,18:49:31,test
10,1778-12-16 05:46:15,1778-12-16 05:46:15,,
1,1757-05-21 07:42:18,2218-06-17 14:19:49,17:28:47,test
10,2180-09-21 08:19:43,2180-09-21 08:19:43,,
1,1832-09-08 07:07:12,2038-01-03 04:31:57,3:35:29,test
10,1803-04-27 19:13:47,1803-04-27 19:13:47,,
1,1802-06-30 13:26:38,2160-02-08 21:09:17,20:38:17,test
10,1762-02-19 00:55:19,1762-02-19 00:55:19,,
1,2007-11-12 05:41:08,2101-09-14 18:41:07,8:39:02,test
10,2069-06-16 16:32:20,2069-06-16 16:32:20,,
1,1933-10-28 20:47:11,2217-04-09 19:19:00,1:25:49,test
10,1920-01-10 19:53:07,1920-01-10 19:53:07,,
1,1927-01-15 23:37:06,2245-10-24 10:21:03,0:56:40,test
10,2215-03-18 15:02:17,2215-03-18 15:02:17,,
1,1752-05-10 20:00:19,2234-08-03 21:34:25,22:08:03,test
10,2287-04-28 19:51:02,2287-04-28 19:51:02,,
1,1880-03-21 11:19:59,2075-05-21 19:31:57,20:12:00,test
10,2112-05-08 16:00:13,2112-05-08 16:00:13,,
1,1971-04-25 15:26:30,2201-05-25 07:32:20,1:35:06,test
10,2021-11-15 19:25:56,2021-11-15 19:25:56,,
1,1901-09-25 19:47:52,2047-06-20 05:41:53,10:59:06,test
10,2208-10-23 16:35:53,2208-10-23 16:35:53,,
1,1877-01-01 03:14:56,2052-11-22 20:38:11,11:50:26,test
10,2235-06-07 20:37:10,2235-06-07 20:37:10,,
1,1785-08-04 12:28:32,2197-01-08 03:30:35,19:02:56,test
10,1801-05-15 13:21:42,1801-05-15 13:21:42,,
1,2018-10-21 21:04:52,2116-06-19 08:29:25,1:40:34,test
10,2239-08-13 04:30:19,2239-08-13 04:30:19,,
1,1898-03-10 16:57:44,2135-08-04 01:10:56,1:49:13,test
10,2134-04-17 16:22:32,2134-04-17 16:22:32,,
1,1828-10-28 22:30:04,2217-03-31 19:14:16,14:28:06,test
10,2263-03-08 02:15:50,2263-03-08 02:15:50,,
1,2000-08-27 00:21:47,2186-07-12 22:36:38,8:15:08,test
10,2106-08-04 18:58:01,2106-08-04 18:58:01,,
1,1923-09-16 22:30:31,2210-03-17 18:53:55,3:17:33,test
10,1777-12-26 14:07:58,1777-12-26 14:07:58,,
1,1758-10-02 23:57:18,2147-09-16 11:35:20,0:23:46,test
10,2112-08-06 09:20:43,2112-08-06 09:20:43,,
1,1998-06-17 03:49:52,2185-01-26 18:28:10,6:50:58,test
10,2108-06-21 13:26:07,2108-06-21 13:26:07,,
1,1951-11-21 23:22:56,2078-10-07 18:03:42,8:33:21,test
10,2212-01-03 00:32:45,2212-01-03 00:32:45,,
1,1850-06-28 07:38:46,2131-12-21 19:27:13,2:14:51,test
10,1754-05-07 13:35:54,1754-05-07 13:35:54,,
1,1818-05-12 14:57:38,2128-04-14 04:52:53,11:46:27,test
10,2209-04-03 16:37:00,2209-04-03 16:37:00,,
1,1865-10-03 15:05:05,2253-02-24 10:28:25,20:22:08,test
10,2268-07-08 23:40:47,2268-07-08 23:40:47,,
1,1957-02-16 01:51:18,2261-05-12 23:36:21,12:00:18,test
10,2257-11-02 07:42:26,2257-11-02 07:42:26,,
1,2019-10-26 19:35:07,2243-09-18 05:29:58,5:54:32,test
10,1920-06-02 23:12:42,1920-06-02 23:12:42,,
1,1998-03-25 12:43:04,2112-05-04 17:10:37,0:12:29,test
10,1987-05-14 23:47:46,1987-05-14 23:47:46,,
1,1826-09-13 06:37:53,2041-07-14 17:24:18,5:13:37,test
10,2051-10-30 09:44:51,2051-10-30 09:44:51,,
1,1823-09-23 08:51:43,2080-11-21 14:24:40,10:57:12,test
10,1834-07-09 19:20:02,1834-07-09 19:20:02,,
1,1959-04-29 03:24:31,2181-09-28 01:53:39,6:56:52,test
10,2086-09-01 10:41:36,2086-09-01 10:41:36,,
1,1826-07-11 01:18:06,2127-06-16 13:58:52,18:20:19,test
10,2084-12-05 21:52:16,2084-12-05 21:52:16,,
1,1842-04-12 00:25:15,2241-07-18 15:15:32,18:25:32,test
10,2092-11-29 18:37:58,2092-11-29 18:37:58,,
1,2010-02-23 15:39:22,2258-09-08 17:28:14,18:43:23,test
10,1773-08-23 14:31:23,1773-08-23 14:31:23,,
1,1789-12-19 17:34:55,2139-08-19 12:36:03,19:58:15,test
10,2251-07-18 16:59:44,2251-07-18 16:59:44,,
1,1909-06-24 19:17:59,2176-03-31 17:40:40,21:10:48,test
10,1838-11-12 11:36:32,1838-11-12 11:36:32,,
1,1898-02-24 17:27:38,2278-05-02 13:14:47,4:36:40,test
10,2149-08-18 17:27:10,2149-08-18 17:27:10,,
1,1917-08-15 23:35:46,2047-11-04 01:31:15,21:55:25,test
10,2132-04-27 14:40:54,2132-04-27 14:40:54,,
1,1845-09-15 12:32:48,2166-11-06 10:24:08,3:16:56,test
10,2024-10-26 14:42:45,2024-10-26 14:42:45,,
1,1925-12-07 02:37:11,2134-03-21 20:14:29,2:54:06,test
10,2199-06-19 00:33:49,2199-06-19 00:33:49,,
1,1887-08-25 12:00:30,2104-12-22 10:51:02,2:43:58,test
10,2208-03-26 08:55:07,2208-03-26 08:55:07,,
1,2024-04-22 14:01:32,2192-10-03 21:43:54,22:38:51,test
10,2102-01-24 06:39:44,2102-01-24 06:39:44,,
1,1838-05-31 15:51:53,2153-05-13 05:16:10,14:28:19,test
10,2123-08-15 14:16:02,2123-08-15 14:16:02,,
1,1896-08-15 10:02:49,2263-12-19 22:08:12,21:48:48,test
10,2184-05-02 09:00:03,2184-05-02 09:00:03,,
1,1874-12-23 10:25:58,2107-12-04 06:34:21,21:42:12,test
10,2260-03-01 14:36:17,2260-03-01 14:36:17,,
1,1932-02-16 22:15:33,2100-10-12 22:48:44,17:38:09,test
10,1772-05-27 00:09:20,1772-05-27 00:09:20,,
1,2016-05-08 04:35:35,2139-04-08 21:58:05,0:03:14,test
10,2262-04-25 23:38:13,2262-04-25 23:38:13,,
1,1881-06-01 06:31:30,2155-09-25 02:29:03,21:03:11,test
10,2083-01-30 21:26:51,2083-01-30 21:26:51,,
1,1997-11-26 01:10:31,2192-11-28 04:16:29,0:51:13,test
10,2290-03-04 20:24:19,2290-03-04 20:24:19,,
1,1854-10-22 10:17:26,2247-11-29 23:40:59,17:57:00,test
10,2051-05-11 18:41:01,2051-05-11 18:41:01,,
1,1794-12-27 19:46:13,2126-01-02 02:45:56,8:40:11,test
10,2254-08-23 19:57:03,2254-08-23 19:57:03,,
1,1919-05-06 03:11:57,2026-07-05 18:46:45,15:00:59,test
10,2038-10-02 16:44:41,2038-10-02 16:44:41,,
1,1803-08-30 14:10:44,2249-05-19 14:09:36,1:15:28,test
10,1960-10-23 12:48:36,1960-10-23 12:48:36,,
1,1754-02-12 16:20:10,2233-10-10 14:53:33,15:12:01,test
10,1758-12-12 23:39:37,1758-12-12 23:39:37,,
1,2002-06-27 00:48:38,2040-12-30 19:43:00,21:02:56,test
10,2101-09-26 20:58:25,2101-09-26 20:58:25,,
1,1932-07-25 16:40:22,2215-05-08 14:56:18,7:08:44,test
10,1882-02-07 10:45:31,1882-02-07 10:45:31,,
1,1918-01-12 01:08:30,2196-07-25 02:13:47,8:14:54,test
10,2256-09-13 11:05:37,2256-09-13 11:05:37,,
1,1872-12-03 10:26:30,2292-11-07 10:44:06,6:59:10,test
10,1753-03-10 07:47:02,1753-03-10 07:47:02,,
1,1833-04-06 19:22:18,2133-02-12 07:16:05,8:54:09,test
10,1989-06-18 03:30:30,1989-06-18 03:30:30,,
1,1960-10-31 02:10:44,2045-09-24 20:03:27,1:29:11,test
10,1875-06-08 22:28:23,1875-06-08 22:28:23,,
1,1920-12-14 10:54:11,2110-04-08 14:54:12,3:36:51,test
10,1785-09-16 23:04:00,1785-09-16 23:04:00,,
1,1755-05-11 22:08:20,2137-10-19 11:22:27,22:07:15,test
10,2192-01-12 22:07:17,2192-01-12 22:07:17,,
1,1979-09-03 19:01:07,2185-06-17 19:40:19,2:19:15,test
10,1870-01-16 01:43:57,1870-01-16 01:43:57,,
1,1793-06-25 00:07:30,2083-01-30 07:38:16,10:24:43,test
10,1801-08-23 09:05:54,1801-08-23 09:05:54,,
1,1826-08-07 18:27:19,2111-04-20 14:10:04,17:34:44,test
10,2152-06-10 13:49:48,2152-06-10 13:49:48,,
1,1987-04-06 04:18:04,2219-06-09 02:01:57,16:22:59,test
10,2000-02-28 19:16:24,2000-02-28 19:16:24,,
1,1839-04-07 19:16:51,2096-12-26 23:05:08,18:17:37,test
10,1901-08-08 22:16:51,1901-08-08 22:16:51,,
1,1912-06-17 21:46:17,2086-01-22 12:00:42,23:51:47,test
10,2246-12-31 15:11:21,2246-12-31 15:11:21,,
1,1811-06-08 21:06:15,2170-08-30 16:35:48,21:31:38,test
10,1939-08-12 02:55:55,1939-08-12 02:55:55,,
1,1871-08-29 01:49:17,2143-09-12 13:44:41,16:56:43,test
10,1852-07-15 14:10:13,1852-07-15 14:10:13,,
1,2014-08-01 16:02:15,2124-03-05 17:33:56,1:20:34,test
10,1862-10-05 02:12:56,1862-10-05 02:12:56,,
1,2020-02-19 14:09:15,2235-12-25 18:19:23,1:49:11,test
10,2264-10-12 10:20:23,2264-10-12 10:20:23,,
1,1762-12-17 16:44:09,2238-05-29 13:43:37,17:52:53,test
10,1870-05-10 20:16:05,1870-05-10 20:16:05,,
1,2018-11-25 06:44:35,2194-07-15 04:22:02,7:42:32,test
10,1780-06-08 21:48:55,1780-06-08 21:48:55,,
1,1932-02-07 23:24:41,2077-06-04 13:06:54,19:46:40,test
10,1986-06-18 03:00:09,1986-06-18 03:00:09,,
1,1912-11-02 19:25:13,2285-09-19 09:19:45,17:44:45,test
10,1782-12-18 06:45:25,1782-12-18 06:45:25,,
1,1917-04-08 11:56:57,2142-05-07 21:06:52,18:18:09,test
10,2127-06-09 15:54:22,2127-06-09 15:54:22,,
1,1815-03-20 20:35:32,2094-11-23 04:21:27,17:50:58,test
10,2129-05-25 23:24:29,2129-05-25 23:24:29,,
1,2018-09-15 07:20:22,2243-06-15 04:23:53,4:34:19,test
10,1873-04-16 18:15:44,1873-04-16 18:15:44,,
1,1977-07-22 00:20:05,2162-01-17 18:54:53,19:05:39,test
10,2257-02-08 06:17:25,2257-02-08 06:17:25,,
1,1853-03-16 15:24:07,2162-12-20 06:02:48,2:59:56,test
10,1797-01-22 07:55:34,1797-01-22 07:55:34,,
1,1781-12-02 21:00:26,2103-08-31 11:40:07,15:46:23,test
10,2150-06-18 18:18:59,2150-06-18 18:18:59,,
1,1971-03-04 21:05:45,2071-05-23 04:41:35,15:01:32,test
10,2173-07-12 22:16:30,2173-07-12 22:16:30,,
1,1800-04-10 10:06:05,2135-09-28 05:08:59,9:50:36,test
10,2270-07-22 10:14:30,2270-07-22 10:14:30,,
1,1867-05-03 04:03:34,2165-01-08 00:04:30,17:39:37,test
10,2288-03-17 16:30:25,2288-03-17 16:30:25,,
1,1762-04-26 19:03:03,2210-11-17 13:37:06,20:20:52,test
10,2124-02-25 16:25:54,2124-02-25 16:25:54,,
1,1953-06-21 23:50:51,2056-03-04 18:28:03,12:41:56,test
10,2083-12-18 04:53:36,2083-12-18 04:53:36,,
1,1926-08-17 20:07:07,2230-08-02 06:26:14,4:50:05,test
10,2146-06-25 12:36:13,2146-06-25 12:36:13,,
1,1817-04-22 23:07:56,2157-11-09 05:06:42,1:42:56,test
10,2281-11-07 00:05:09,2281-11-07 00:05:09,,
1,1938-09-15 08:37:36,2188-07-02 16:36:04,15:48:09,test
10,2017-02-03 13:22:41,2017-02-03 13:22:41,,
1,2004-02-21 10:30:32,2113-08-20 19:34:11,8:10:05,test
10,2268-09-09 11:14:21,2268-09-09 11:14:21,,
1,1968-03-07 00:33:48,2036-12-15 14:25:56,16:33:07,test
10,1821-11-15 21:55:05,1821-11-15 21:55:05,,
1,1913-03-14 03:08:19,2040-06-04 18:40:20,1:25:35,test
10,1773-10-15 17:17:08,1773-10-15 17:17:08,,
1,1847-03-18 18:44:43,2273-05-21 21:07:31,23:51:13,test
10,2265-12-17 02:31:46,2265-12-17 02:31:46,,
1,1954-08-29 00:01:36,2072-11-05 01:32:37,23:56:31,test
10,1752-01-20 15:15:43,1752-01-20 15:15:43,,
1,1911-09-06 16:34:26,2077-08-05 11:57:25,12:26:44,test
10,2070-11-28 12:27:45,2070-11-28 12:27:45,,
1,1921-04-15 19:37:00,2270-05-21 20:19:17,7:24:43,test
10,1955-06-14 06:32:38,1955-06-14 06:32:38,,
1,1849-10-18 13:57:29,2161-08-29 23:33:47,5:04:00,test
10,2073-04-01 15:17:08,2073-04-01 15:17:08,,
1,1917-01-31 06:12:41,2110-04-27 08:57:18,11:09:46,test
10,2051-05-26 18:29:12,2051-05-26 18:29:12,,
1,1950-01-28 02:16:44,2225-12-14 07:15:13,0:52:01,test
10,2065-06-05 08:05:50,2065-06-05 08:05:50,,
1,1820-01-02 05:19:56,2290-11-03 16:27:47,3:43:19,test
10,1853-07-04 17:48:11,1853-07-04 17:48:11,,
1,1937-04-26 10:10:51,2222-03-26 02:26:36,2:49:14,test
10,2163-10-03 06:29:14,2163-10-03 06:29:14,,
1,2022-05-02 15:53:42,2157-11-23 09:14:20,0:35:02,test
10,1871-12-20 22:25:17,1871-12-20 22:25:17,,
1,1794-07-11 08:24:12,2283-03-17 06:03:46,22:31:38,test
10,1953-11-05 12:05:05,1953-11-05 12:05:05,,
1,1893-11-20 22:53:16,2186-06-07 11:59:19,11:23:25,test
10,1755-05-12 03:13:45,1755-05-12 03:13:45,,
1,1884-07-01 04:45:55,2064-03-25 13:06:53,9:04:43,test
10,2211-10-01 21:28:35,2211-10-01 21:28:35,,
1,1884-05-21 11:33:42,2186-10-03 09:44:03,0:27:38,test
10,1983-02-22 22:31:19,1983-02-22 22:31:19,,
1,1751-12-06 00:49:01,2295-09-24 09:34:24,12:50:10,test
10,2175-08-12 18:49:50,2175-08-12 18:49:50,,
1,1955-06-11 13:43:30,2260-05-16 06:20:35,8:58:18,test
10,2180-01-15 07:38:46,2180-01-15 07:38:46,,
1,1828-05-30 21:23:10,2235-02-15 21:53:58,0:32:22,test
10,1899-02-24 20:38:49,1899-02-24 20:38:49,,
1,1882-10-03 11:10:01,2231-01-31 18:10:56,10:38:23,test
10,2291-07-22 04:16:19,2291-07-22 04:16:19,,
1,1819-07-26 15:53:07,2228-03-28 20:09:27,4:53:37,test
10,2263-01-02 03:23:18,2263-01-02 03:23:18,,
1,1768-07-07 23:17:26,2292-05-30 06:41:09,16:56:38,test
10,1765-06-26 20:52:46,1765-06-26 20:52:46,,
1,1865-02-22 22:43:12,2033-01-29 15:21:33,3:31:23,test
10,2085-04-01 18:24:24,2085-04-01 18:24:24,,
1,1988-03-26 21:32:11,2110-02-28 16:14:48,16:26:25,test
10,2209-02-22 04:43:20,2209-02-22 04:43:20,,
1,1899-05-02 19:31:16,2200-03-12 17:10:04,22:32:00,test
10,2235-02-25 00:44:16,2235-02-25 00:44:16,,
1,1929-09-15 06:34:08,2118-02-23 14:32:46,7:06:28,test
10,2102-07-17 01:19:30,2102-07-17 01:19:30,,
1,2023-03-22 20:46:52,2031-12-19 02:14:13,1:33:52,test
10,1839-04-26 05:23:15,1839-04-26 05:23:15,,
1,1859-12-18 14:08:13,2217-03-21 04:54:05,1:15:58,test
10,1767-07-04 05:25:03,1767-07-04 05:25:03,,
1,1922-01-13 03:18:10,2296-01-31 01:31:38,8:00:59,test
10,1759-03-26 10:07:50,1759-03-26 10:07:50,,
1,1851-09-25 15:20:11,2168-01-09 04:57:18,21:09:40,test
10,1936-12-01 08:49:03,1936-12-01 08:49:03,,
1,1977-09-06 18:30:24,2140-07-26 15:04:28,10:42:32,test
10,2201-02-09 21:03:21,2201-02-09 21:03:21,,
1,1772-02-21 02:33:28,2170-06-26 20:11:57,8:03:58,test
10,1806-09-21 23:40:56,1806-09-21 23:40:56,,
1,1864-11-16 20:59:40,2198-12-29 19:56:37,15:10:59,test
10,2037-09-13 07:18:05,2037-09-13 07:18:05,,
1,1872-11-28 13:52:48,2169-04-10 02:27:37,10:37:28,test
10,1836-11-23 11:39:17,1836-11-23 11:39:17,,
1,1861-03-14 22:56:18,2298-05-23 02:37:24,21:31:09,test
10,2096-10-30 01:00:04,2096-10-30 01:00:04,,
1,1994-07-31 08:19:35,2110-01-11 07:24:36,2:08:38,test
10,2176-12-18 05:34:00,2176-12-18 05:34:00,,
1,1871-04-24 03:02:37,2217-02-17 13:56:34,8:58:50,test
10,2084-05-31 02:41:11,2084-05-31 02:41:11,,
1,1847-10-05 10:21:00,2191-02-11 20:56:16,7:44:06,test
10,2132-10-18 00:18:04,2132-10-18 00:18:04,,
1,1775-12-17 03:10:27,2078-06-14 04:39:39,23:34:24,test
10,2137-11-27 16:22:29,2137-11-27 16:22:29,,
1,1824-10-20 10:01:52,2202-11-23 19:08:44,14:12:52,test
10,2092-12-26 16:46:43,2092-12-26 16:46:43,,
1,1895-11-22 06:23:08,2174-01-12 18:06:46,20:44:23,test
10,1822-11-28 03:05:09,1822-11-28 03:05:09,,
1,1871-04-26 21:39:39,2085-10-08 03:57:16,5:52:35,test
10,2050-12-02 22:20:32,2050-12-02 22:20:32,,
1,1997-01-20 04:51:08,2127-08-22 16:15:37,22:57:29,test
10,2032-11-30 19:46:58,2032-11-30 19:46:58,,
1,1953-02-23 18:43:12,2091-01-04 15:14:34,16:54:01,test
10,1936-05-27 16:30:00,1936-05-27 16:30:00,,
1,1782-09-13 16:45:41,2241-06-23 23:26:03,20:16:24,test
10,1958-10-12 12:55:21,1958-10-12 12:55:21,,
1,1916-12-19 10:50:56,2295-08-17 07:46:54,5:07:43,test
10,2097-08-01 20:10:36,2097-08-01 20:10:36,,
1,1962-01-08 22:35:37,2298-07-13 10:29:51,18:39:49,test
10,1832-02-19 01:58:09,1832-02-19 01:58:09,,
1,1892-08-21 01:53:44,2168-05-19 17:36:48,1:52:15,test
10,1926-04-27 09:17:03,1926-04-27 09:17:03,,
1,1865-01-09 20:45:57,2128-02-20 18:45:48,6:49:57,test
10,2060-06-10 22:48:12,2060-06-10 22:48:12,,
1,1915-02-11 08:06:35,2161-05-29 01:48:22,1:20:53,test
10,2178-06-05 02:27:45,2178-06-05 02:27:45,,
1,1926-03-22 08:45:02,2280-02-05 03:43:41,10:40:10,test
10,2251-08-22 11:50:25,2251-08-22 11:50:25,,
1,2015-06-11 16:14:37,2294-02-21 17:13:20,0:59:12,test
10,2223-03-29 00:47:48,2223-03-29 00:47:48,,
1,1876-07-04 08:03:31,2296-07-04 19:19:58,14:51:24,test
10,2017-07-08 20:46:52,2017-07-08 20:46:52,,
1,1909-01-25 11:05:39,2218-12-11 07:05:54,1:59:19,test
10,1857-06-18 19:21:59,1857-06-18 19:21:59,,
1,1757-02-16 23:37:50,2276-03-09 08:42:09,1:38:02,test
10,1935-07-28 14:08:08,1935-07-28 14:08:08,,
1,1973-09-08 16:24:32,2227-02-09 14:34:13,6:41:13,test
10,1776-09-12 02:09:09,1776-09-12 02:09:09,,
1,1950-07-10 06:27:07,2203-03-30 19:19:48,1:45:56,test
10,1995-11-30 08:47:56,1995-11-30 08:47:56,,
1,1962-02-22 22:43:59,2284-12-09 07:12:58,0:21:07,test
10,2113-04-09 15:09:34,2113-04-09 15:09:34,,
1,1854-01-22 16:18:12,2130-09-26 04:05:41,1:41:20,test
10,2201-07-19 15:01:38,2201-07-19 15:01:38,,
1,1751-10-07 12:07:47,2026-10-07 03:08:07,19:36:06,test
10,2270-02-25 04:00:52,2270-02-25 04:00:52,,
1,1809-03-26 07:15:22,2263-12-11 01:12:16,15:57:06,test
10,1962-08-18 03:12:48,1962-08-18 03:12:48,,
1,1872-07-20 16:13:09,2284-12-18 05:12:36,15:28:40,test
10,2296-02-20 13:33:31,2296-02-20 13:33:31,,
1,1812-09-21 07:41:54,2253-10-31 05:15:35,14:13:46,test
10,2220-07-26 07:09:21,2220-07-26 07:09:21,,
1,1926-10-30 15:56:43,2227-02-12 00:51:06,16:20:09,test
10,1945-11-26 03:35:40,1945-11-26 03:35:40,,
1,1925-08-30 10:11:40,2293-07-05 05:07:42,2:37:34,test
10,1798-01-21 20:28:30,1798-01-21 20:28:30,,
1,1932-11-04 23:33:35,2246-05-28 13:40:15,7:21:17,test
10,1851-07-20 15:29:29,1851-07-20 15:29:29,,
1,2007-06-16 01:53:57,2248-09-13 07:34:59,17:47:02,test
10,2231-01-05 05:29:15,2231-01-05 05:29:15,,
1,1980-12-19 09:41:38,2291-06-18 17:12:39,14:13:32,test
10,1941-10-19 20:41:35,1941-10-19 20:41:35,,
1,1985-01-25 03:21:28,2179-09-06 01:28:00,5:25:24,test
10,2255-12-17 19:43:04,2255-12-17 19:43:04,,
1,1884-11-24 17:50:51,2163-05-19 05:32:00,3:12:00,test
10,2220-07-26 06:11:06,2220-07-26 06:11:06,,
1,1770-01-28 05:06:12,2091-07-15 22:28:34,2:34:29,test
10,1912-11-06 11:00:13,1912-11-06 11:00:13,,
1,2024-01-24 00:49:30,2259-01-02 21:31:47,17:51:38,test
10,1877-09-03 01:29:30,1877-09-03 01:29:30,,
1,1870-02-27 10:38:00,2279-09-28 10:17:10,13:12:18,test
10,1861-07-13 06:41:29,1861-07-13 06:41:29,,
1,1889-03-26 09:24:32,2253-01-03 14:41:17,15:42:32,test
10,1964-04-15 06:09:18,1964-04-15 06:09:18,,
1,1920-12-01 11:35:17,2195-03-08 11:29:27,19:10:16,test
10,2039-10-18 01:52:42,2039-10-18 01:52:42,,
1,1870-02-08 00:34:56,2027-08-07 12:15:05,11:59:41,test
10,2100-08-27 16:12:12,2100-08-27 16:12:12,,
1,1995-07-29 01:20:56,2248-09-03 02:03:52,3:02:56,test
10,2058-05-21 19:40:59,2058-05-21 19:40:59,,
1,1779-11-06 22:41:23,2098-05-17 20:35:58,10:51:16,test
10,1850-03-27 19:00:30,1850-03-27 19:00:30,,
1,1890-06-05 03:10:18,2202-04-09 13:31:19,23:41:04,test
10,2166-11-13 21:49:49,2166-11-13 21:49:49,,
1,2010-07-07 06:10:12,2158-03-01 06:17:18,10:52:52,test
10,1875-01-15 08:36:11,1875-01-15 08:36:11,,
1,1853-09-17 15:47:04,2260-05-27 19:36:54,2:18:24,test
10,1964-04-26 01:26:15,1964-04-26 01:26:15,,
1,1921-10-27 14:49:57,2164-03-12 04:36:24,9:42:23,test
10,1889-04-10 07:38:55,1889-04-10 07:38:55,,
1,1861-02-11 07:25:39,2086-05-11 11:55:32,22:29:50,test
10,2279-04-05 05:46:59,2279-04-05 05:46:59,,
1,1867-05-07 12:31:19,2262-08-20 01:08:02,1:04:45,test
10,2178-01-31 06:39:15,2178-01-31 06:39:15,,
1,1788-12-30 22:14:07,2038-01-18 06:39:17,5:29:09,test
10,2106-09-09 17:34:39,2106-09-09 17:34:39,,
1,1783-12-08 10:54:44,2171-03-30 15:30:28,4:28:41,test
10,1879-10-03 16:09:55,1879-10-03 16:09:55,,
1,1990-09-05 20:08:35,2118-10-05 01:03:54,12:52:14,test
10,2205-04-13 18:02:43,2205-04-13 18:02:43,,
1,2004-06-15 00:08:07,2281-09-14 05:35:32,7:36:08,test
10,2255-01-14 08:37:07,2255-01-14 08:37:07,,
1,1803-11-05 22:22:46,2169-02-22 11:49:19,3:49:49,test
10,1926-05-11 07:16:00,1926-05-11 07:16:00,,
1,1767-08-29 10:38:29,2203-03-08 22:38:17,19:23:07,test
10,2194-04-10 01:27:08,2194-04-10 01:27:08,,
1,1938-08-03 01:12:02,2241-09-11 01:09:16,5:51:26,test
10,1806-09-25 21:20:09,1806-09-25 21:20:09,,
1,1871-07-05 22:50:07,2212-03-06 00:05:12,0:45:47,test
10,1757-01-12 00:22:21,1757-01-12 00:22:21,,
1,1877-09-21 02:04:11,2094-07-05 22:03:04,1:40:20,test
10,2184-07-01 21:14:02,2184-07-01 21:14:02,,
1,1943-02-11 08:41:53,2208-08-30 19:44:06,0:16:11,test
10,2071-01-28 23:12:27,2071-01-28 23:12:27,,
1,1819-07-11 02:26:22,2280-03-08 11:25:29,20:47:38,test
10,2090-12-09 04:22:01,2090-12-09 04:22:01,,
1,1920-09-28 20:41:34,2193-03-16 21:06:23,2:22:29,test
10,2220-03-10 01:01:24,2220-03-10 01:01:24,,
1,1934-01-07 12:27:27,2282-08-26 04:13:21,0:42:56,test
10,1859-11-10 22:44:55,1859-11-10 22:44:55,,
1,1769-12-02 16:25:02,2198-04-22 09:57:19,7:05:18,test
10,1979-06-13 19:36:02,1979-06-13 19:36:02,,
1,2018-01-20 15:38:14,2068-07-09 18:47:03,6:19:48,test
10,2010-06-14 04:22:19,2010-06-14 04:22:19,,
1,1903-12-18 20:36:31,2084-02-28 14:04:43,0:25:49,test
10,2104-08-02 19:51:56,2104-08-02 19:51:56,,
1,1920-03-24 03:07:49,2150-05-16 03:52:00,15:42:08,test
10,1763-05-02 12:20:41,1763-05-02 12:20:41,,
1,1926-08-08 06:43:34,2060-09-08 03:57:33,0:10:28,test
10,2081-09-14 14:20:16,2081-09-14 14:20:16,,
1,1951-11-14 19:30:48,2031-12-15 10:49:00,2:02:34,test
10,2212-02-06 05:25:44,2212-02-06 05:25:44,,
1,1831-02-24 02:56:14,2111-10-30 23:52:18,23:16:23,test
10,2242-03-27 20:03:04,2242-03-27 20:03:04,,
1,1756-04-25 13:48:09,2153-03-01 04:38:36,4:08:44,test
10,2103-05-13 00:49:09,2103-05-13 00:49:09,,
1,1859-03-04 18:50:36,2143-12-08 03:42:48,20:07:24,test
10,1775-07-03 23:27:46,1775-07-03 23:27:46,,
1,1884-10-01 00:03:10,2229-07-26 04:58:04,16:04:06,test
10,2050-01-26 10:48:24,2050-01-26 10:48:24,,
1,1792-05-09 13:15:39,2269-11-04 23:21:43,15:55:14,test
10,1782-02-27 04:43:25,1782-02-27 04:43:25,,
1,1918-03-02 12:08:23,2202-09-20 22:39:55,22:01:14,test
10,2261-01-16 07:43:27,2261-01-16 07:43:27,,
1,1826-04-05 10:06:05,2234-10-22 10:05:51,17:45:14,test
10,2272-10-06 14:20:43,2272-10-06 14:20:43,,
1,1831-12-04 05:54:08,2115-07-02 00:37:18,15:35:43,test
10,1754-09-07 09:44:05,1754-09-07 09:44:05,,
1,1969-07-22 02:01:39,2066-02-24 04:27:03,1:44:00,test
10,2242-12-30 10:08:50,2242-12-30 10:08:50,,
1,1969-06-27 08:20:55,2215-06-09 02:15:45,20:00:46,test
10,2200-12-06 06:00:31,2200-12-06 06:00:31,,
1,1828-04-12 19:44:40,2269-10-25 02:49:16,1:48:40,test
10,2160-11-04 05:06:00,2160-11-04 05:06:00,,
1,1938-09-03 08:57:24,2218-08-20 03:29:06,18:21:03,test
10,2187-05-16 13:01:44,2187-05-16 13:01:44,,
1,1759-12-12 01:53:51,2098-03-15 05:19:44,12:40:43,test
10,1801-10-05 23:26:48,1801-10-05 23:26:48,,
1,1784-11-18 15:46:02,2059-11-18 01:50:15,17:42:43,test
10,2117-11-14 15:36:55,2117-11-14 15:36:55,,
1,1889-07-21 12:11:55,2242-12-20 15:02:14,21:51:30,test
10,2249-05-07 20:13:48,2249-05-07 20:13:48,,
1,1781-10-25 14:59:04,2232-05-20 16:36:18,2:59:06,test
10,2039-10-22 22:19:25,2039-10-22 22:19:25,,
1,1775-01-28 11:53:04,2081-06-06 11:30:20,23:49:20,test
10,1810-07-26 22:46:32,1810-07-26 22:46:32,,
1,1779-04-24 04:45:20,2142-03-08 03:19:06,9:53:07,test
10,1847-08-04 12:05:59,1847-08-04 12:05:59,,
1,1816-12-13 05:30:27,2069-06-09 07:29:34,14:45:06,test
10,2157-03-04 01:53:07,2157-03-04 01:53:07,,
1,2015-12-18 10:20:42,2031-06-27 15:11:56,19:35:13,test
10,2207-08-24 07:24:14,2207-08-24 07:24:14,,
1,1851-09-10 03:25:07,2282-04-08 20:34:32,0:27:42,test
10,1936-04-30 18:20:02,1936-04-30 18:20:02,,
1,1771-05-25 10:46:46,2155-09-27 20:02:03,7:16:22,test
10,2007-12-22 01:51:13,2007-12-22 01:51:13,,
1,1785-08-04 09:22:47,2278-07-11 01:20:56,4:23:40,test
10,1873-04-25 12:06:43,1873-04-25 12:06:43,,
1,1943-08-05 06:43:18,2256-09-30 18:01:53,19:11:07,test
10,1884-07-24 11:36:30,1884-07-24 11:36:30,,
1,2006-01-21 01:06:12,2179-10-19 08:43:28,3:31:40,test
10,2025-12-09 10:39:04,2025-12-09 10:39:04,,
1,1875-10-22 03:55:20,2074-04-15 02:46:48,23:59:23,test
10,2249-01-15 10:19:45,2249-01-15 10:19:45,,
1,1981-11-29 10:10:03,2269-08-26 22:57:33,10:35:11,test
10,2104-04-06 21:53:59,2104-04-06 21:53:59,,
1,1752-05-16 19:03:30,2140-09-19 20:18:06,0:06:40,test
10,2208-04-17 20:59:43,2208-04-17 20:59:43,,
1,1830-09-12 12:36:29,2291-12-05 22:01:54,0:08:17,test
10,1896-12-17 04:34:58,1896-12-17 04:34:58,,
1,1837-12-21 02:59:35,2073-05-10 03:07:00,2:59:32,test
10,2098-11-11 00:06:26,2098-11-11 00:06:26,,
1,1833-11-12 15:38:34,2160-04-02 11:39:12,20:22:14,test
10,2034-02-07 14:15:16,2034-02-07 14:15:16,,
1,1867-05-22 19:22:27,2211-09-16 20:43:42,22:42:15,test
10,1836-09-27 19:13:01,1836-09-27 19:13:01,,
1,1984-07-09 19:16:24,2264-12-11 15:59:26,2:30:59,test
10,2026-03-29 01:01:12,2026-03-29 01:01:12,,
1,1947-02-15 12:05:35,2117-11-07 23:02:21,0:35:38,test
10,1947-12-10 09:33:14,1947-12-10 09:33:14,,
1,1831-12-13 10:29:02,2070-05-27 06:13:59,20:28:29,test
10,1896-11-23 21:43:39,1896-11-23 21:43:39,,
1,1918-06-28 22:24:08,2206-08-07 20:17:56,15:14:34,test
10,1942-10-25 21:42:52,1942-10-25 21:42:52,,
1,1785-10-22 16:26:37,2130-07-30 14:28:04,11:13:14,test
10,2088-04-05 14:53:31,2088-04-05 14:53:31,,
1,1998-02-14 03:03:11,2278-02-12 13:04:44,17:58:45,test
10,2138-05-02 06:45:32,2138-05-02 06:45:32,,
1,1874-12-17 16:39:49,2227-06-01 10:31:23,2:55:42,test
10,1910-02-04 21:37:15,1910-02-04 21:37:15,,
1,1955-09-29 00:14:02,2241-09-26 19:22:24,21:34:03,test
10,2081-08-10 20:46:58,2081-08-10 20:46:58,,
1,1858-03-27 12:31:31,2296-06-18 16:01:37,10:04:06,test
10,2291-10-13 08:32:50,2291-10-13 08:32:50,,
1,1934-06-21 03:43:48,2057-08-20 18:40:21,14:16:09,test
10,1882-04-10 14:42:25,1882-04-10 14:42:25,,
1,1923-05-13 14:47:48,2101-11-08 03:52:20,1:48:37,test
10,1997-10-19 10:08:23,1997-10-19 10:08:23,,
1,1771-12-04 16:54:10,2108-11-10 14:32:31,4:09:15,test
10,2217-07-09 13:31:10,2217-07-09 13:31:10,,
1,1913-01-30 01:08:09,2242-10-11 11:32:57,6:21:23,test
10,1870-05-20 21:14:13,1870-05-20 21:14:13,,
1,1848-01-26 14:30:48,2100-12-06 18:27:47,16:32:59,test
10,2147-03-03 02:25:48,2147-03-03 02:25:48,,
1,1899-09-13 20:04:19,2169-06-06 03:42:52,0:54:35,test
10,2239-12-12 18:35:27,2239-12-12 18:35:27,,
1,1876-12-31 12:15:33,2182-09-20 20:45:56,21:19:59,test
10,2009-04-26 05:03:51,2009-04-26 05:03:51,,
1,1762-05-10 20:06:43,2112-10-07 20:06:26,9:52:38,test
10,2172-10-30 19:33:01,2172-10-30 19:33:01,,
1,1854-04-04 04:42:49,2087-01-23 12:07:35,17:51:03,test
10,2156-09-26 17:55:35,2156-09-26 17:55:35,,
1,1975-09-15 21:43:37,2131-11-13 02:52:40,4:57:34,test
10,2092-06-25 18:47:48,2092-06-25 18:47:48,,
1,1822-06-29 18:17:40,2243-10-04 08:08:50,0:51:03,test
10,1805-07-09 08:58:52,1805-07-09 08:58:52,,
1,1752-11-26 06:15:37,2146-04-06 14:28:52,19:50:51,test
10,2025-07-24 21:34:29,2025-07-24 21:34:29,,
1,1990-05-19 04:54:55,2122-03-31 00:01:24,23:34:58,test
10,2022-06-08 08:33:03,2022-06-08 08:33:03,,
1,1841-11-19 13:08:08,2033-08-26 03:37:01,14:10:39,test
10,2010-10-30 00:51:32,2010-10-30 00:51:32,,
1,1835-12-11 05:21:34,2043-11-13 02:15:39,16:10:12,test
10,2117-03-13 12:00:37,2117-03-13 12:00:37,,
1,1831-01-11 04:25:47,2124-11-20 16:45:17,3:09:29,test
10,1860-02-09 22:53:20,1860-02-09 22:53:20,,
1,1756-12-01 22:59:37,2168-09-01 09:45:14,3:22:58,test
10,1941-08-24 10:24:49,1941-08-24 10:24:49,,
1,1791-10-31 16:14:05,2077-01-27 10:03:13,11:11:29,test
10,1826-09-29 06:11:44,1826-09-29 06:11:44,,
1,1868-10-09 06:38:40,2225-12-08 10:52:17,23:07:01,test
10,1940-03-19 23:04:28,1940-03-19 23:04:28,,
1,1890-03-07 04:46:28,2115-04-06 15:58:36,7:17:54,test
10,2293-10-08 05:14:39,2293-10-08 05:14:39,,
1,1882-03-27 16:00:45,2132-02-14 09:12:45,21:49:36,test
10,2212-07-22 21:22:27,2212-07-22 21:22:27,,
1,2008-09-21 10:19:50,2214-01-20 15:00:52,4:19:24,test
10,2209-06-02 03:51:03,2209-06-02 03:51:03,,
1,1987-03-18 13:12:37,2242-08-27 21:44:49,13:41:27,test
10,1991-03-04 07:23:26,1991-03-04 07:23:26,,
1,1982-10-02 12:51:27,2220-05-12 01:17:02,20:46:53,test
10,1820-08-26 00:49:06,1820-08-26 00:49:06,,
1,1858-10-05 04:47:31,2108-01-12 23:59:16,10:20:00,test
10,1763-03-19 12:05:52,1763-03-19 12:05:52,,
1,1761-08-18 00:45:37,2152-08-17 00:16:47,14:52:48,test
10,1926-01-04 22:30:44,1926-01-04 22:30:44,,
1,1988-09-05 10:38:29,2231-10-25 22:17:34,3:02:55,test
10,2200-06-13 06:36:03,2200-06-13 06:36:03,,
1,2013-05-27 02:33:36,2267-03-16 17:34:45,10:27:09,test
10,1919-11-04 23:15:39,1919-11-04 23:15:39,,
1,1880-09-25 06:56:35,2282-10-03 09:24:27,12:33:52,test
10,1964-10-24 01:13:54,1964-10-24 01:13:54,,
1,2012-01-15 15:51:26,2110-06-21 03:12:14,0:29:24,test
10,2079-10-21 13:31:18,2079-10-21 13:31:18,,
1,2013-12-18 23:49:38,2297-07-24 11:27:52,17:14:01,test
10,1876-04-19 22:29:46,1876-04-19 22:29:46,,
1,1921-02-09 18:46:03,2097-04-12 22:29:52,17:32:34,test
10,2217-06-25 08:07:50,2217-06-25 08:07:50,,
1,1963-10-18 13:54:34,2181-09-13 03:48:42,12:56:58,test
10,2167-08-18 23:36:04,2167-08-18 23:36:04,,
1,1927-03-06 23:04:26,2043-04-13 00:08:04,21:18:31,test
10,1776-04-02 23:55:13,1776-04-02 23:55:13,,
1,1864-03-01 10:13:16,2097-02-14 10:17:26,1:54:39,test
10,1995-07-29 15:30:01,1995-07-29 15:30:01,,
1,1976-02-17 11:28:23,2142-10-02 08:33:58,2:40:37,test
10,2240-08-10 08:57:10,2240-08-10 08:57:10,,
1,2001-05-29 07:41:26,2092-06-18 17:00:14,4:29:28,test
10,1827-07-17 03:56:36,1827-07-17 03:56:36,,
1,1848-01-20 11:10:29,2081-08-21 02:55:06,22:16:59,test
10,2274-01-21 04:04:29,2274-01-21 04:04:29,,
1,1754-10-09 06:33:54,2297-12-13 18:00:30,3:07:51,test
10,2060-12-27 06:37:24,2060-12-27 06:37:24,,
1,1821-10-25 00:26:57,2284-03-06 18:25:50,20:09:53,test
10,1993-09-14 23:06:03,1993-09-14 23:06:03,,
1,1955-02-22 22:52:15,2135-06-18 14:17:00,20:02:43,test
10,1997-10-02 19:15:54,1997-10-02 19:15:54,,
1,1755-09-02 00:31:43,2140-04-12 00:34:07,2:56:44,test
10,1832-11-29 13:54:29,1832-11-29 13:54:29,,
1,1966-10-12 17:06:56,2200-09-11 17:36:40,1:59:23,test
10,1975-06-17 13:53:36,1975-06-17 13:53:36,,
1,1882-06-09 05:10:14,2029-02-17 04:52:05,7:15:31,test
10,1771-11-29 16:04:16,1771-11-29 16:04:16,,
1,1915-01-02 05:36:50,2035-08-02 23:54:48,3:34:42,test
10,1946-06-13 00:10:28,1946-06-13 00:10:28,,
1,1932-01-13 01:45:36,2258-02-02 03:50:00,13:04:38,test
10,2262-11-25 18:32:25,2262-11-25 18:32:25,,
1,1873-04-06 20:38:56,2130-09-14 21:25:30,0:35:47,test
10,2220-08-19 12:30:49,2220-08-19 12:30:49,,
1,1939-09-30 21:47:22,2277-10-27 22:28:04,19:10:31,test
10,2260-01-26 18:32:02,2260-01-26 18:32:02,,
1,1816-02-23 08:39:09,2168-08-21 21:13:49,2:27:53,test
10,1930-10-26 14:45:19,1930-10-26 14:45:19,,
1,1804-03-21 20:39:35,2154-12-05 17:31:21,14:10:00,test
10,1830-04-18 10:21:04,1830-04-18 10:21:04,,
1,1874-11-21 13:13:57,2284-07-29 20:47:19,15:11:26,test
10,2213-08-04 14:02:38,2213-08-04 14:02:38,,
1,1769-05-17 02:56:04,2125-07-04 14:59:56,12:35:46,test
10,2135-12-27 07:38:01,2135-12-27 07:38:01,,
1,1790-06-11 14:20:42,2037-06-14 13:21:32,4:27:23,test
10,1806-09-11 22:49:31,1806-09-11 22:49:31,,
1,1785-07-02 09:16:50,2279-08-28 06:05:51,4:44:17,test
10,2032-12-07 00:41:12,2032-12-07 00:41:12,,
1,1928-03-05 22:46:25,2203-02-25 14:14:29,0:38:37,test
10,1995-09-15 16:49:17,1995-09-15 16:49:17,,
1,1967-09-06 10:12:52,2175-12-15 07:36:35,1:12:52,test
10,1786-12-18 04:56:03,1786-12-18 04:56:03,,
1,1971-04-05 20:13:29,2268-05-30 11:06:09,23:18:53,test
10,2149-02-19 04:20:08,2149-02-19 04:20:08,,
1,1796-06-30 15:53:54,2117-11-11 15:52:24,9:46:10,test
10,2219-05-08 17:54:56,2219-05-08 17:54:56,,
1,1841-01-04 21:39:41,2097-04-24 12:38:29,9:01:55,test
10,1865-06-15 00:39:19,1865-06-15 00:39:19,,
1,1861-10-17 17:17:14,2275-01-30 17:17:38,12:59:51,test
10,1780-06-10 10:01:43,1780-06-10 10:01:43,,
1,1804-12-10 18:18:09,2230-06-18 06:30:10,22:16:16,test
10,1921-11-03 09:29:49,1921-11-03 09:29:49,,
1,1858-02-28 14:19:57,2145-11-10 12:09:57,20:49:56,test
10,1799-07-18 04:18:12,1799-07-18 04:18:12,,
1,1936-09-10 08:57:48,2260-09-25 08:39:34,22:56:54,test
10,1834-12-21 03:14:59,1834-12-21 03:14:59,,
1,1764-03-21 23:55:22,2153-12-17 23:34:42,11:38:08,test
10,1910-10-22 13:28:15,1910-10-22 13:28:15,,
1,1938-12-23 14:51:38,2114-05-28 21:04:51,23:41:39,test
10,1891-10-17 22:41:13,1891-10-17 22:41:13,,
1,2015-10-30 02:22:03,2231-12-31 11:07:33,2:17:38,test
10,1840-06-22 13:49:52,1840-06-22 13:49:52,,
1,1899-06-28 20:00:13,2228-03-31 11:38:40,4:53:31,test
10,2279-09-06 08:25:40,2279-09-06 08:25:40,,
1,2004-04-19 12:34:50,2091-09-30 06:56:09,7:09:46,test
10,1996-09-06 21:51:37,1996-09-06 21:51:37,,
1,1807-05-24 01:17:37,2129-04-06 17:23:30,19:52:43,test
10,1758-07-25 01:07:14,1758-07-25 01:07:14,,
1,1866-09-30 23:54:25,2265-03-13 00:19:20,15:59:41,test
10,1978-06-28 00:43:36,1978-06-28 00:43:36,,
1,1862-07-21 15:38:16,2116-04-13 20:58:57,5:00:16,test
10,1930-05-08 14:52:00,1930-05-08 14:52:00,,
1,2012-04-06 16:26:29,2294-01-08 19:49:07,18:27:33,test
10,1866-12-10 00:05:52,1866-12-10 00:05:52,,
1,1870-08-17 19:39:15,2234-09-05 04:55:15,1:04:11,test
10,2127-09-19 13:10:07,2127-09-19 13:10:07,,
1,1836-09-09 18:45:48,2280-09-07 10:50:03,21:27:31,test
10,1850-08-26 08:47:41,1850-08-26 08:47:41,,
1,1751-08-06 16:05:51,2249-04-28 15:34:30,23:10:07,test
10,2283-09-23 15:59:48,2283-09-23 15:59:48,,
1,2016-04-21 23:26:59,2156-08-07 18:16:36,2:55:11,test
10,1807-03-25 04:24:14,1807-03-25 04:24:14,,
1,1827-11-02 12:19:53,2157-09-26 18:58:16,20:11:18,test
10,1954-07-20 15:07:22,1954-07-20 15:07:22,,
1,2013-01-11 02:28:53,2125-09-22 22:41:02,13:46:09,test
10,2008-04-29 03:56:31,2008-04-29 03:56:31,,
1,1809-09-03 14:03:17,2034-06-24 20:48:41,17:06:13,test
10,1916-02-08 05:02:31,1916-02-08 05:02:31,,
1,2023-05-13 20:19:03,2245-04-23 07:48:09,6:17:40,test
10,2293-09-19 07:37:34,2293-09-19 07:37:34,,
1,1875-08-07 02:51:25,2056-11-20 16:29:18,7:11:35,test
10,2056-12-20 06:38:18,2056-12-20 06:38:18,,
1,1811-11-28 00:49:32,2150-12-09 02:50:28,3:42:27,test
10,2171-12-25 21:38:35,2171-12-25 21:38:35,,
1,1963-07-07 01:41:34,2291-02-17 19:10:48,2:59:47,test
10,1895-05-12 06:42:57,1895-05-12 06:42:57,,
1,1755-03-15 04:57:39,2196-08-19 14:39:14,0:02:09,test
10,2199-11-06 13:47:17,2199-11-06 13:47:17,,
1,1993-11-17 14:32:38,2097-06-13 02:12:13,23:19:20,test
10,2107-04-01 02:06:25,2107-04-01 02:06:25,,
1,1779-08-22 20:00:58,2099-10-23 04:35:20,20:43:31,test
10,2163-08-24 03:10:05,2163-08-24 03:10:05,,
1,2008-04-08 08:34:35,2268-07-23 16:04:39,19:14:47,test
10,2019-11-23 22:52:56,2019-11-23 22:52:56,,
1,2004-11-28 16:59:19,2072-12-04 05:37:42,18:41:28,test
10,2290-11-13 17:23:05,2290-11-13 17:23:05,,
1,1801-03-24 00:16:30,2039-05-27 20:34:17,0:21:32,test
10,2078-06-03 00:02:11,2078-06-03 00:02:11,,
1,1812-11-08 06:30:30,2140-08-10 16:28:32,6:59:51,test
10,2138-04-12 14:32:25,2138-04-12 14:32:25,,
1,1841-09-10 06:11:59,2085-06-19 09:44:32,4:28:45,test
10,2148-12-08 11:49:11,2148-12-08 11:49:11,,
1,1895-10-18 00:18:38,2234-03-23 16:32:30,4:19:19,test
10,2161-09-25 01:45:40,2161-09-25 01:45:40,,
1,2022-07-01 11:44:56,2229-12-20 05:56:09,11:54:48,test
10,1769-12-20 01:17:05,1769-12-20 01:17:05,,
1,1905-08-31 17:59:30,2264-08-28 21:17:25,11:54:34,test
10,1888-03-30 22:50:37,1888-03-30 22:50:37,,
1,1790-11-16 10:11:50,2244-10-17 07:02:28,6:59:05,test
10,2178-03-28 20:46:46,2178-03-28 20:46:46,,
1,1977-10-10 21:04:38,2244-08-19 22:17:35,6:43:54,test
10,2191-05-03 05:24:32,2191-05-03 05:24:32,,
1,1890-09-15 17:04:18,2216-05-05 09:23:54,8:23:03,test
10,2164-08-01 16:51:54,2164-08-01 16:51:54,,
1,1782-01-01 17:45:11,2114-01-13 20:55:03,7:34:50,test
10,2239-11-18 20:02:37,2239-11-18 20:02:37,,
1,1799-12-28 16:06:02,2122-03-21 14:20:10,16:37:27,test
10,1774-10-18 19:51:58,1774-10-18 19:51:58,,
1,1854-05-20 20:20:13,2184-10-04 19:38:04,5:22:42,test
10,2048-04-03 02:00:13,2048-04-03 02:00:13,,
1,1906-04-19 22:10:08,2238-05-25 21:08:18,2:43:13,test
10,2067-08-26 10:11:13,2067-08-26 10:11:13,,
1,2009-10-15 23:01:47,2200-07-24 13:22:21,5:21:58,test
10,1817-06-17 19:30:33,1817-06-17 19:30:33,,
1,1822-06-13 21:38:13,2219-03-14 18:59:50,11:50:01,test
10,1814-12-18 11:53:33,1814-12-18 11:53:33,,
1,1864-06-27 18:42:44,2233-09-08 07:38:14,2:46:11,test
10,2053-06-20 13:05:01,2053-06-20 13:05:01,,
1,1759-07-24 23:49:06,2259-05-09 03:26:51,22:23:36,test
10,1758-10-06 21:04:34,1758-10-06 21:04:34,,
1,1792-08-28 08:38:25,2228-11-04 14:11:26,5:08:13,test
10,2188-05-18 04:00:07,2188-05-18 04:00:07,,
1,1910-10-03 00:41:25,2185-06-11 22:26:00,1:08:18,test
10,2171-12-26 00:22:17,2171-12-26 00:22:17,,
1,1880-07-08 20:49:35,2143-04-01 21:27:00,13:05:45,test
10,2287-08-01 07:57:15,2287-08-01 07:57:15,,
1,1808-01-19 01:03:08,2259-01-28 17:26:12,0:36:01,test
10,2130-01-05 22:33:07,2130-01-05 22:33:07,,
1,1780-07-02 16:50:02,2122-02-02 06:08:08,0:47:20,test
10,2139-11-17 17:31:00,2139-11-17 17:31:00,,
1,1755-06-07 04:58:50,2219-01-29 01:45:53,0:42:06,test
10,2162-12-07 20:23:48,2162-12-07 20:23:48,,
1,1861-11-07 00:00:08,2085-06-08 08:27:51,8:45:40,test
10,2108-04-16 04:56:29,2108-04-16 04:56:29,,
1,1847-09-01 10:27:46,2104-08-01 21:07:56,3:56:42,test
10,1767-12-29 08:11:56,1767-12-29 08:11:56,,
1,1867-05-06 04:50:52,2224-04-22 20:53:01,19:34:43,test
10,1784-04-27 04:06:29,1784-04-27 04:06:29,,
1,1970-09-29 20:00:37,2250-05-04 04:29:46,13:42:05,test
10,2197-03-02 06:13:36,2197-03-02 06:13:36,,
1,2005-01-04 18:08:50,2092-09-10 01:23:48,0:27:03,test
10,1919-06-04 12:10:14,1919-06-04 12:10:14,,
1,1983-11-10 00:20:03,2174-07-31 23:30:24,14:10:52,test
10,2079-05-05 04:37:25,2079-05-05 04:37:25,,
1,1896-02-12 09:14:43,2106-09-24 22:03:44,2:24:24,test
10,2224-09-17 20:11:26,2224-09-17 20:11:26,,
1,1919-09-23 21:37:43,2247-07-06 02:04:39,23:14:47,test
10,2171-10-22 14:18:08,2171-10-22 14:18:08,,
1,1950-08-20 17:01:23,2242-08-15 09:40:15,2:49:20,test
10,2179-10-29 16:36:45,2179-10-29 16:36:45,,
1,1912-06-05 05:03:38,2275-03-25 17:51:27,2:02:56,test
10,1761-11-01 23:10:37,1761-11-01 23:10:37,,
1,1943-12-28 10:27:01,2090-08-17 12:21:18,20:38:33,test
10,2002-11-14 15:33:44,2002-11-14 15:33:44,,
1,1900-05-29 00:52:30,2197-03-31 05:20:08,2:47:02,test
10,1900-04-23 05:59:57,1900-04-23 05:59:57,,
1,1905-07-29 02:29:59,2091-02-17 07:37:08,3:02:49,test
10,1818-07-08 19:21:20,1818-07-08 19:21:20,,
1,1850-10-27 20:06:12,2082-08-06 10:43:08,14:45:56,test
10,2270-07-16 03:31:36,2270-07-16 03:31:36,,
1,1959-08-15 00:48:42,2131-05-20 10:34:00,23:19:32,test
10,1921-07-29 03:13:36,1921-07-29 03:13:36,,
1,1991-06-14 20:53:42,2245-05-01 21:00:53,17:41:29,test
10,1993-12-24 00:47:40,1993-12-24 00:47:40,,
1,1891-09-04 10:26:02,2097-05-07 08:06:01,14:13:01,test
10,2114-07-09 11:05:29,2114-07-09 11:05:29,,
1,1893-05-01 05:19:29,2081-05-06 17:46:36,17:19:33,test
10,1957-02-19 16:34:33,1957-02-19 16:34:33,,
1,1946-11-13 15:51:38,2292-12-27 01:01:26,7:31:57,test
10,1899-08-11 07:00:08,1899-08-11 07:00:08,,
1,1807-02-28 12:23:02,2030-01-22 22:52:02,16:29:40,test
10,1998-02-02 11:01:18,1998-02-02 11:01:18,,
1,1869-11-21 08:44:55,2168-01-20 02:20:21,0:02:36,test
10,2264-10-29 00:13:03,2264-10-29 00:13:03,,
1,1760-04-11 03:52:56,2282-11-21 01:35:41,12:02:40,test
10,2128-09-16 09:36:51,2128-09-16 09:36:51,,
1,2016-09-28 08:24:43,2171-06-02 02:58:08,14:31:23,test
10,2190-12-11 12:06:04,2190-12-11 12:06:04,,
1,1963-03-20 06:38:38,2270-02-16 10:31:35,21:19:21,test
10,2235-12-09 04:43:29,2235-12-09 04:43:29,,
1,1983-05-09 23:55:25,2294-10-26 06:55:45,21:34:46,test
10,2274-05-26 09:22:04,2274-05-26 09:22:04,,
1,1842-02-24 20:40:29,2232-07-17 09:04:17,6:32:51,test
10,2169-12-06 12:50:30,2169-12-06 12:50:30,,
1,1949-01-01 06:06:22,2060-09-13 14:38:20,5:54:30,test
10,1913-08-11 21:26:52,1913-08-11 21:26:52,,
1,1970-08-26 19:45:32,2222-12-31 13:37:57,17:46:54,test
10,2272-06-09 02:15:32,2272-06-09 02:15:32,,
1,1903-10-25 18:35:57,2028-11-28 15:22:29,22:46:27,test
10,2059-12-06 13:32:57,2059-12-06 13:32:57,,
1,1753-08-27 23:23:17,2067-01-04 23:22:00,15:11:59,test
10,2017-11-06 05:30:13,2017-11-06 05:30:13,,
1,2013-02-04 23:14:37,2032-11-13 01:37:35,15:54:34,test
10,2167-06-08 07:36:18,2167-06-08 07:36:18,,
1,1872-01-29 13:44:35,2140-02-04 11:41:35,5:42:17,test
10,2083-01-13 22:50:46,2083-01-13 22:50:46,,
1,1801-02-27 04:11:27,2189-07-08 12:06:55,17:08:29,test
10,2266-01-16 04:24:39,2266-01-16 04:24:39,,
1,1971-06-22 13:03:04,2232-08-24 02:51:44,21:14:49,test
10,2164-04-04 08:37:17,2164-04-04 08:37:17,,
1,1964-06-14 10:54:58,2206-04-09 01:08:42,22:51:08,test
10,2073-10-12 05:43:43,2073-10-12 05:43:43,,
1,1789-04-03 03:38:52,2051-06-22 02:56:30,17:41:07,test
10,1826-05-17 05:13:11,1826-05-17 05:13:11,,
1,1891-12-26 05:59:40,2252-12-27 01:38:55,21:16:39,test
10,2052-01-29 14:15:59,2052-01-29 14:15:59,,
1,1849-04-06 06:23:40,2272-01-28 12:32:12,1:45:47,test
10,1978-06-21 07:40:36,1978-06-21 07:40:36,,
1,1768-01-31 20:58:57,2083-10-21 01:51:47,19:41:43,test
10,1801-02-05 00:28:50,1801-02-05 00:28:50,,
1,2013-11-03 07:30:01,2081-03-26 18:08:35,13:42:41,test
10,2294-06-03 07:21:55,2294-06-03 07:21:55,,
1,1843-05-26 04:22:42,2270-06-14 12:27:37,16:19:30,test
10,1792-10-16 15:16:00,1792-10-16 15:16:00,,
1,2020-12-29 17:00:25,2094-02-23 15:24:54,8:18:17,test
10,1789-11-28 21:07:04,1789-11-28 21:07:04,,
1,1751-08-02 13:40:56,2261-10-30 23:41:11,12:52:17,test
10,1968-11-07 02:17:46,1968-11-07 02:17:46,,
1,2001-01-25 12:15:18,2155-06-20 18:21:15,3:44:50,test
10,1977-02-04 19:18:51,1977-02-04 19:18:51,,
1,1780-12-24 00:32:10,2281-05-19 22:24:34,2:13:53,test
10,2026-04-10 23:06:01,2026-04-10 23:06:01,,
1,1999-05-07 18:48:11,2117-10-23 03:48:22,5:42:18,test
10,1864-03-27 15:40:27,1864-03-27 15:40:27,,
1,1783-04-15 09:33:36,2072-01-21 03:05:26,20:55:10,test
10,2040-04-25 01:09:50,2040-04-25 01:09:50,,
1,1818-09-10 10:39:36,2123-05-25 23:57:31,9:56:27,test
10,1777-04-19 12:00:12,1777-04-19 12:00:12,,
1,1988-12-03 01:19:44,2069-07-17 11:03:40,22:12:57,test
10,1906-07-24 22:17:43,1906-07-24 22:17:43,,
1,1764-06-18 14:49:52,2046-07-03 05:16:17,15:50:29,test
10,1994-03-18 00:48:48,1994-03-18 00:48:48,,
1,1933-11-06 09:31:30,2077-06-03 14:24:42,17:08:34,test
10,1770-12-24 11:38:18,1770-12-24 11:38:18,,
1,1962-01-27 05:00:05,2142-12-13 10:14:43,8:38:18,test
10,2177-02-11 01:07:37,2177-02-11 01:07:37,,
1,1767-02-09 18:57:33,2163-04-11 23:53:44,5:36:32,test
10,1934-07-16 12:16:39,1934-07-16 12:16:39,,
1,1927-12-16 18:33:59,2050-08-21 15:58:14,13:45:22,test
10,1919-04-09 20:31:23,1919-04-09 20:31:23,,
1,1792-09-28 21:22:35,2165-09-04 19:12:53,2:05:53,test
10,2086-09-23 14:39:58,2086-09-23 14:39:58,,
1,1994-12-18 01:41:56,2291-04-22 10:55:11,13:11:01,test
10,2268-09-23 20:50:13,2268-09-23 20:50:13,,
1,1806-10-30 15:28:29,2271-08-06 15:57:09,4:19:14,test
10,1916-02-22 22:35:21,1916-02-22 22:35:21,,
1,1832-11-10 14:28:08,2123-02-23 16:18:01,5:24:52,test
10,2031-03-10 02:12:04,2031-03-10 02:12:04,,
1,1874-09-27 21:44:20,2120-01-10 05:09:04,3:06:07,test
10,2012-04-02 19:38:10,2012-04-02 19:38:10,,
1,1861-04-06 15:56:46,2093-09-29 18:03:42,4:57:31,test
10,1846-04-23 19:21:38,1846-04-23 19:21:38,,
1,1947-02-11 12:44:03,2249-03-21 23:58:06,19:52:20,test
10,2157-10-29 14:13:21,2157-10-29 14:13:21,,
1,1905-06-26 23:00:26,2146-08-11 16:12:56,2:09:18,test
10,2053-11-24 13:11:49,2053-11-24 13:11:49,,
1,1846-03-14 07:08:15,2181-07-04 04:57:18,16:29:43,test
10,2086-06-05 17:31:45,2086-06-05 17:31:45,,
1,1822-04-14 16:37:04,2087-07-11 10:42:21,9:48:29,test
10,1794-12-17 10:49:40,1794-12-17 10:49:40,,
1,1941-02-02 15:50:26,2100-08-06 20:56:41,4:20:39,test
10,1794-10-14 20:24:56,1794-10-14 20:24:56,,
1,1765-04-26 07:45:58,2224-12-17 10:56:36,22:46:36,test
10,2069-07-25 09:59:18,2069-07-25 09:59:18,,
1,1919-07-30 17:15:13,2064-07-20 07:07:54,2:18:29,test
10,2166-01-12 19:42:56,2166-01-12 19:42:56,,
1,1885-04-23 13:25:04,2229-08-14 02:40:07,0:06:24,test
10,2291-10-15 16:19:56,2291-10-15 16:19:56,,
1,1860-08-20 23:43:24,2282-08-29 13:58:16,3:07:25,test
10,1764-06-03 10:07:00,1764-06-03 10:07:00,,
1,1777-05-29 17:33:11,2082-01-19 11:37:21,23:31:41,test
10,2282-11-03 09:53:42,2282-11-03 09:53:42,,
1,1922-02-24 20:05:21,2274-12-24 13:38:00,6:37:38,test
10,1860-02-17 10:47:22,1860-02-17 10:47:22,,
1,1801-07-02 16:36:07,2285-08-13 07:06:42,1:32:55,test
10,2029-01-11 12:08:14,2029-01-11 12:08:14,,
1,1968-04-08 20:36:54,2087-07-03 14:19:17,6:58:01,test
10,1945-04-09 19:03:52,1945-04-09 19:03:52,,
1,1836-11-08 00:18:12,2175-04-20 07:16:20,0:51:52,test
10,2248-04-07 00:22:49,2248-04-07 00:22:49,,
1,2014-06-07 12:57:49,2048-03-26 20:45:56,15:57:49,test
10,2102-10-07 01:12:31,2102-10-07 01:12:31,,
1,1952-01-01 01:36:07,2187-05-27 19:31:35,13:33:58,test
10,1790-05-14 19:02:00,1790-05-14 19:02:00,,
1,1964-11-17 12:55:24,2039-08-06 15:02:15,18:38:42,test
10,2267-06-06 18:40:02,2267-06-06 18:40:02,,
1,2013-04-21 17:11:47,2170-06-30 23:48:01,20:38:21,test
10,1751-12-24 06:05:13,1751-12-24 06:05:13,,
1,1817-09-21 06:13:18,2181-04-20 20:25:44,11:12:15,test
10,1782-09-27 11:22:30,1782-09-27 11:22:30,,
1,1843-09-04 01:06:23,2166-07-16 11:01:35,3:13:17,test
10,1790-11-26 06:30:32,1790-11-26 06:30:32,,
1,1919-01-09 20:35:02,2121-01-27 18:17:33,20:30:21,test
10,2170-07-14 08:50:46,2170-07-14 08:50:46,,
1,1838-06-14 03:29:41,2171-09-20 17:09:29,1:58:55,test
10,2210-11-04 18:25:48,2210-11-04 18:25:48,,
1,1783-01-26 03:17:09,2266-11-04 23:46:11,12:02:45,test
10,1966-01-15 01:44:06,1966-01-15 01:44:06,,
1,2009-06-27 15:45:18,2094-03-30 12:37:48,0:33:51,test
10,1794-02-25 14:19:09,1794-02-25 14:19:09,,
1,1984-07-08 14:13:45,2054-01-22 19:52:47,0:32:58,test
10,2081-02-06 13:41:07,2081-02-06 13:41:07,,
1,1826-05-21 06:59:17,2102-06-11 01:37:58,0:46:58,test
10,1789-01-29 12:38:43,1789-01-29 12:38:43,,
1,1829-10-13 19:09:51,2180-04-30 21:36:29,17:52:06,test
10,2210-11-21 00:07:05,2210-11-21 00:07:05,,
1,1915-01-13 04:19:15,2257-11-04 12:29:22,0:19:25,test
10,2137-05-18 03:27:56,2137-05-18 03:27:56,,
1,1833-09-15 18:40:06,2037-08-22 00:41:47,1:06:35,test
10,1766-06-09 08:46:14,1766-06-09 08:46:14,,
1,1783-09-20 04:48:48,2054-09-28 13:12:09,23:56:07,test
10,1921-06-30 20:38:00,1921-06-30 20:38:00,,
1,1801-01-28 22:12:53,2144-12-23 17:53:35,3:32:00,test
10,2280-10-03 03:55:22,2280-10-03 03:55:22,,
1,1922-05-27 11:52:20,2241-08-14 17:22:20,16:42:06,test
10,2147-08-21 01:07:21,2147-08-21 01:07:21,,
1,1849-10-06 18:56:56,2271-01-13 18:11:09,7:48:59,test
10,1924-04-12 13:04:50,1924-04-12 13:04:50,,
1,2007-07-31 11:42:32,2225-07-26 10:37:33,5:11:11,test
10,2288-07-25 23:10:36,2288-07-25 23:10:36,,
1,1793-01-30 22:40:27,2200-04-09 02:04:56,9:14:53,test
10,2100-05-03 04:30:50,2100-05-03 04:30:50,,
1,1769-03-07 18:20:55,2045-11-21 19:56:05,9:21:27,test
10,1928-10-14 16:19:09,1928-10-14 16:19:09,,
1,1881-12-24 10:32:06,2068-02-20 21:35:37,13:39:47,test
10,2170-02-11 15:29:54,2170-02-11 15:29:54,,
1,1837-05-13 13:05:06,2281-08-12 01:20:00,23:52:16,test
10,1972-06-01 20:22:21,1972-06-01 20:22:21,,
1,1947-01-18 12:25:43,2079-05-19 18:14:50,11:56:32,test
10,2197-12-24 19:38:59,2197-12-24 19:38:59,,
1,1943-08-01 15:57:21,2072-11-26 13:39:45,13:35:55,test
10,1901-08-28 12:56:43,1901-08-28 12:56:43,,
1,1957-11-22 00:54:12,2254-11-23 14:29:15,19:50:32,test
10,1996-02-29 03:40:06,1996-02-29 03:40:06,,
1,1904-01-09 10:35:21,2105-09-09 19:25:42,16:23:59,test
10,2108-05-26 03:57:55,2108-05-26 03:57:55,,
1,2021-08-01 04:04:26,2087-06-01 09:31:29,8:48:28,test
10,1928-10-13 09:33:40,1928-10-13 09:33:40,,
1,2019-08-27 14:59:46,2149-08-14 01:14:27,18:04:27,test
10,2046-11-03 03:49:15,2046-11-03 03:49:15,,
1,1810-05-20 16:08:49,2094-04-29 18:33:56,4:50:07,test
10,2128-01-10 08:35:55,2128-01-10 08:35:55,,
1,1861-10-14 19:39:07,2295-09-30 23:11:45,6:44:41,test
10,1852-08-21 16:21:48,1852-08-21 16:21:48,,
1,1862-12-03 21:33:40,2229-01-17 04:35:12,20:52:30,test
10,2065-03-30 09:08:19,2065-03-30 09:08:19,,
1,1794-12-03 17:04:53,2118-01-19 20:05:57,0:02:19,test
10,1781-01-25 13:00:50,1781-01-25 13:00:50,,
1,2010-09-02 12:20:41,2208-03-24 12:31:40,7:12:34,test
10,1889-10-16 19:28:28,1889-10-16 19:28:28,,
1,1963-09-07 15:26:27,2228-03-17 18:06:37,7:21:53,test
10,2088-01-29 13:16:37,2088-01-29 13:16:37,,
1,1987-12-22 00:21:55,2091-04-30 06:20:55,1:18:13,test
10,2208-02-21 17:00:18,2208-02-21 17:00:18,,
1,2009-02-04 14:21:42,2085-01-12 13:03:39,15:34:13,test
10,2283-07-17 17:44:29,2283-07-17 17:44:29,,
1,1788-05-13 21:36:15,2074-01-14 05:25:45,10:38:16,test
10,1950-02-19 20:32:36,1950-02-19 20:32:36,,
1,1825-10-26 10:28:39,2170-10-09 04:57:36,14:45:02,test
10,2237-09-30 12:16:59,2237-09-30 12:16:59,,
1,2001-07-22 00:45:10,2288-05-05 06:23:06,17:33:00,test
10,1898-04-11 06:09:47,1898-04-11 06:09:47,,
1,1944-07-30 04:37:32,2031-12-01 18:04:40,20:33:51,test
10,2157-02-20 19:08:11,2157-02-20 19:08:11,,
1,2012-02-25 14:35:28,2107-10-29 21:46:26,17:24:13,test
10,2138-06-03 18:56:35,2138-06-03 18:56:35,,
1,1993-01-21 23:20:29,2249-08-26 19:16:18,21:33:26,test
10,2102-01-14 14:18:06,2102-01-14 14:18:06,,
1,1875-02-08 10:22:35,2232-01-14 12:39:34,18:23:50,test
10,1899-08-01 10:31:47,1899-08-01 10:31:47,,
1,1972-06-22 09:16:10,2076-05-16 08:16:11,23:39:09,test
10,1969-11-19 11:24:56,1969-11-19 11:24:56,,
1,1980-08-26 10:33:34,2288-02-29 00:11:30,7:28:49,test
10,2030-03-10 19:48:55,2030-03-10 19:48:55,,
1,1949-09-20 16:31:12,2147-08-14 12:35:16,17:52:57,test
10,2013-06-10 17:35:10,2013-06-10 17:35:10,,
1,1773-10-03 12:44:03,2251-07-07 15:58:35,9:40:39,test
10,2250-04-08 13:18:46,2250-04-08 13:18:46,,
1,1754-03-12 16:25:49,2203-12-10 19:28:54,17:56:28,test
10,2181-05-10 22:40:37,2181-05-10 22:40:37,,
1,1972-07-07 23:14:11,2204-05-05 00:13:26,2:17:56,test
10,1973-11-11 14:43:55,1973-11-11 14:43:55,,
1,1864-02-05 12:39:16,2050-07-13 15:07:53,23:54:23,test
10,2037-08-03 17:15:14,2037-08-03 17:15:14,,
1,1791-05-11 14:43:12,2097-06-20 12:08:54,0:32:45,test
10,1982-07-27 10:01:43,1982-07-27 10:01:43,,
1,1788-09-06 09:49:52,2245-02-08 14:09:26,0:12:56,test
10,2216-05-29 17:06:45,2216-05-29 17:06:45,,
1,1969-05-30 03:33:08,2200-09-07 15:02:51,9:54:24,test
10,2039-07-29 02:37:03,2039-07-29 02:37:03,,
1,1753-12-18 08:33:15,2181-01-15 14:15:50,6:10:31,test
10,1928-07-01 10:39:12,1928-07-01 10:39:12,,
1,1781-08-02 19:31:49,2252-06-13 18:39:01,22:43:23,test
10,2126-04-24 20:07:05,2126-04-24 20:07:05,,
1,1846-03-14 17:17:47,2118-08-20 16:18:57,18:56:27,test
10,2129-07-22 19:28:26,2129-07-22 19:28:26,,
1,1787-11-30 11:11:37,2094-07-19 01:20:30,11:38:47,test
10,2207-04-30 00:54:05,2207-04-30 00:54:05,,
1,1881-11-25 14:49:43,2264-01-07 23:01:20,7:28:46,test
10,2223-05-13 06:00:35,2223-05-13 06:00:35,,
1,1846-07-02 14:02:56,2219-09-13 09:45:01,10:23:49,test
10,2119-09-11 06:48:22,2119-09-11 06:48:22,,
1,1789-11-18 06:42:17,2141-10-29 14:37:26,1:13:57,test
10,1962-02-06 13:05:54,1962-02-06 13:05:54,,
1,1961-01-01 10:39:09,2248-05-08 19:52:04,3:56:07,test
10,1944-06-16 17:00:10,1944-06-16 17:00:10,,
1,1923-09-15 13:32:40,2203-01-22 07:12:49,2:21:44,test
10,1809-10-10 06:37:21,1809-10-10 06:37:21,,
1,1921-01-07 21:07:40,2073-08-22 23:15:21,8:46:45,test
10,2153-02-17 12:43:53,2153-02-17 12:43:53,,
1,1765-10-23 07:55:37,2200-02-17 16:26:28,23:52:58,test
10,2046-12-02 19:42:00,2046-12-02 19:42:00,,
1,1951-02-05 19:41:41,2295-08-12 18:32:13,20:27:05,test
10,1877-11-15 07:41:01,1877-11-15 07:41:01,,
1,1842-06-28 16:59:59,2158-03-30 20:46:26,16:55:11,test
10,2274-10-17 06:34:18,2274-10-17 06:34:18,,
1,1893-06-23 05:53:11,2270-03-19 21:03:46,17:35:58,test
10,2148-09-13 01:40:57,2148-09-13 01:40:57,,
1,1913-04-29 07:51:01,2209-06-28 20:37:00,5:14:44,test
10,1854-06-12 10:34:11,1854-06-12 10:34:11,,
1,1825-10-04 10:23:41,2118-03-01 22:51:15,3:16:05,test
10,2248-04-13 12:56:37,2248-04-13 12:56:37,,
1,2017-11-19 15:45:42,2099-02-07 13:20:43,5:08:36,test
10,2156-04-23 00:01:38,2156-04-23 00:01:38,,
1,1859-05-16 10:22:11,2255-04-20 13:39:03,4:03:01,test
10,2043-12-24 10:50:25,2043-12-24 10:50:25,,
1,1823-11-10 16:57:19,2121-10-08 08:47:15,9:51:26,test
10,2128-02-25 20:10:06,2128-02-25 20:10:06,,
1,1777-09-20 19:52:03,2149-08-19 18:23:53,3:28:59,test
10,1827-03-23 19:54:08,1827-03-23 19:54:08,,
1,1875-10-04 19:09:12,2030-04-25 07:29:56,10:06:55,test
10,2125-07-12 12:55:27,2125-07-12 12:55:27,,
1,1784-03-05 07:08:15,2227-05-03 04:33:12,22:20:24,test
10,1918-12-28 16:48:48,1918-12-28 16:48:48,,
1,1858-08-09 19:34:13,2086-11-16 17:46:53,4:16:55,test
10,1976-08-17 06:27:23,1976-08-17 06:27:23,,
1,1901-11-14 09:41:09,2046-06-13 19:39:28,12:21:26,test
10,2246-05-31 21:05:09,2246-05-31 21:05:09,,
1,1962-01-31 16:41:12,2028-01-01 08:58:13,18:31:39,test
10,2152-05-24 14:55:50,2152-05-24 14:55:50,,
1,1943-02-09 12:26:37,2199-06-20 11:42:39,20:44:48,test
10,2083-06-04 17:02:13,2083-06-04 17:02:13,,
1,1985-05-19 12:29:39,2264-06-06 22:36:20,11:20:50,test
10,2045-01-02 01:44:08,2045-01-02 01:44:08,,
1,1837-07-22 10:48:13,2220-03-07 11:52:03,1:07:25,test
10,2194-12-17 03:32:42,2194-12-17 03:32:42,,
1,1806-09-05 04:42:24,2068-10-17 02:01:55,5:47:43,test
10,2226-07-23 04:34:15,2226-07-23 04:34:15,,
1,1837-09-07 05:29:00,2135-10-16 18:38:13,8:21:01,test
10,1782-06-05 20:27:42,1782-06-05 20:27:42,,
1,2010-04-25 00:25:10,2266-07-17 00:26:40,1:41:55,test
10,1906-10-31 03:55:28,1906-10-31 03:55:28,,
1,1784-07-26 20:15:20,2291-05-17 19:54:58,13:16:33,test
10,1846-12-17 06:32:59,1846-12-17 06:32:59,,
1,1808-10-30 16:58:52,2149-04-02 20:00:06,7:43:31,test
10,1950-07-30 17:12:37,1950-07-30 17:12:37,,
1,1959-05-17 19:56:39,2219-03-30 01:28:08,15:56:12,test
10,2146-08-24 12:50:30,2146-08-24 12:50:30,,
1,2013-08-13 14:42:57,2265-07-24 10:37:04,21:07:37,test
10,1806-09-25 14:51:27,1806-09-25 14:51:27,,
1,1868-10-10 01:46:30,2293-10-12 02:25:48,19:50:11,test
10,1927-12-26 05:09:32,1927-12-26 05:09:32,,
1,1839-03-10 15:44:16,2156-09-10 18:28:09,16:45:14,test
10,2259-06-07 02:03:33,2259-06-07 02:03:33,,
1,1779-04-08 15:51:36,2116-11-14 11:24:26,2:07:36,test
10,1866-04-09 11:58:54,1866-04-09 11:58:54,,
1,1975-05-19 20:52:26,2158-10-21 16:14:41,13:33:36,test
10,2088-01-28 09:49:56,2088-01-28 09:49:56,,
1,1752-07-31 20:08:30,2285-10-07 14:05:38,8:55:41,test
10,2295-11-20 21:56:29,2295-11-20 21:56:29,,
1,1963-08-11 21:01:42,2282-11-01 17:54:14,21:38:29,test
10,2218-04-01 06:52:50,2218-04-01 06:52:50,,
1,1876-07-06 15:42:14,2271-01-02 00:11:04,17:55:06,test
10,2033-09-08 04:11:53,2033-09-08 04:11:53,,
1,1970-12-24 04:41:28,2058-10-16 12:08:43,12:34:14,test
10,1917-05-06 10:14:51,1917-05-06 10:14:51,,
1,1980-02-15 20:12:39,2183-11-21 18:11:51,2:32:34,test
10,1935-06-09 06:18:55,1935-06-09 06:18:55,,
1,2018-08-11 16:48:06,2173-01-07 21:32:18,2:39:10,test
10,1941-04-04 10:50:24,1941-04-04 10:50:24,,
1,1853-04-23 11:43:41,2067-08-23 18:37:19,16:41:46,test
10,1913-11-10 18:08:07,1913-11-10 18:08:07,,
1,2000-12-04 23:40:51,2144-11-19 01:36:37,9:10:57,test
10,2099-12-26 15:56:01,2099-12-26 15:56:01,,
1,1873-01-08 20:31:17,2264-08-23 23:17:01,15:24:56,test
10,1786-12-21 09:20:12,1786-12-21 09:20:12,,
1,1841-04-27 01:29:30,2228-07-10 07:38:07,1:03:17,test
10,2134-04-23 11:22:03,2134-04-23 11:22:03,,
1,2008-05-23 19:19:49,2184-11-25 07:38:08,21:37:06,test
10,1958-06-09 22:04:31,1958-06-09 22:04:31,,
1,1821-10-24 17:44:28,2211-05-10 06:24:56,1:34:42,test
10,2072-01-23 05:06:36,2072-01-23 05:06:36,,
1,1952-11-02 22:23:31,2225-10-05 11:45:06,2:36:23,test
10,2254-07-20 10:33:27,2254-07-20 10:33:27,,
1,1833-11-12 01:07:03,2078-11-21 14:59:26,5:11:10,test
10,2265-11-04 04:25:55,2265-11-04 04:25:55,,
1,1981-04-23 02:51:22,2074-02-23 23:42:05,8:54:02,test
10,1753-04-15 20:05:43,1753-04-15 20:05:43,,
1,2005-06-22 18:37:49,2055-10-06 04:04:16,6:05:45,test
10,1980-01-03 01:54:57,1980-01-03 01:54:57,,
1,1756-05-02 02:05:38,2136-11-24 00:57:09,19:03:32,test
10,2220-07-06 20:11:19,2220-07-06 20:11:19,,
1,1823-08-17 17:13:06,2080-05-08 08:18:41,3:20:17,test
10,1828-08-24 06:16:07,1828-08-24 06:16:07,,
1,1872-02-11 04:48:54,2161-11-10 04:04:47,3:15:08,test
10,1996-07-01 10:10:00,1996-07-01 10:10:00,,
1,1857-07-26 08:43:31,2088-09-14 10:54:41,16:33:00,test
10,1755-01-12 09:26:50,1755-01-12 09:26:50,,
1,1777-11-01 17:53:31,2038-05-26 13:57:49,16:20:33,test
10,1876-06-29 01:24:17,1876-06-29 01:24:17,,
1,1802-02-08 13:21:59,2170-08-13 14:37:10,0:11:52,test
10,2099-05-09 06:44:12,2099-05-09 06:44:12,,
1,1899-07-09 21:13:16,2214-11-15 01:05:51,3:41:02,test
10,2021-12-13 21:45:10,2021-12-13 21:45:10,,
1,1805-02-22 05:47:45,2262-06-27 23:27:29,16:46:35,test
10,2090-02-23 20:37:16,2090-02-23 20:37:16,,
1,1897-04-18 07:32:54,2028-11-05 06:34:43,10:58:15,test
10,1773-04-16 04:09:43,1773-04-16 04:09:43,,
1,1996-06-05 03:29:59,2201-05-30 09:11:02,23:20:03,test
10,1922-11-08 03:37:10,1922-11-08 03:37:10,,
1,1908-10-03 11:39:08,2033-01-25 15:45:53,7:50:48,test
10,2294-05-08 00:47:15,2294-05-08 00:47:15,,
1,1862-02-13 07:27:57,2203-01-12 14:34:09,22:36:18,test
10,1918-01-22 15:37:24,1918-01-22 15:37:24,,
1,1982-01-09 18:54:27,2187-08-22 00:17:15,12:32:11,test
10,2062-12-06 23:10:40,2062-12-06 23:10:40,,
1,1905-07-05 10:59:08,2101-09-02 04:03:24,1:47:21,test
10,2268-09-09 06:32:43,2268-09-09 06:32:43,,
1,1916-10-05 21:54:23,2190-03-16 12:04:05,3:25:59,test
10,2242-08-17 02:35:15,2242-08-17 02:35:15,,
1,1993-10-11 02:14:59,2087-01-20 17:24:45,4:11:58,test
10,2238-07-10 14:22:48,2238-07-10 14:22:48,,
1,1806-05-29 04:45:51,2153-12-31 20:04:20,10:05:41,test
10,2053-03-17 08:52:15,2053-03-17 08:52:15,,
1,1893-06-24 00:54:33,2255-11-04 06:00:18,8:25:41,test
10,2063-03-07 05:31:09,2063-03-07 05:31:09,,
1,1971-10-06 06:12:14,2179-04-23 01:17:32,1:15:43,test
10,1859-02-05 04:42:07,1859-02-05 04:42:07,,
1,1795-07-24 15:49:31,2287-11-13 05:56:41,19:12:57,test
10,1814-02-17 10:37:55,1814-02-17 10:37:55,,
1,1931-01-15 08:01:43,2199-11-17 18:38:25,13:42:35,test
10,2256-01-11 14:57:03,2256-01-11 14:57:03,,
1,1883-06-03 21:02:27,2050-02-02 22:54:41,22:30:32,test
10,2270-03-04 06:54:26,2270-03-04 06:54:26,,
1,1782-07-24 02:36:06,2070-08-04 07:56:34,8:39:57,test
10,1894-06-30 18:24:52,1894-06-30 18:24:52,,
1,1781-08-12 17:43:05,2092-08-03 23:28:21,1:13:59,test
10,2180-01-30 02:35:29,2180-01-30 02:35:29,,
1,1785-12-16 23:05:29,2159-08-08 19:30:48,2:52:17,test
10,1820-05-25 03:41:15,1820-05-25 03:41:15,,
1,1907-08-05 04:45:58,2053-02-13 00:28:12,2:39:30,test
10,1853-04-03 21:30:41,1853-04-03 21:30:41,,
1,1760-04-25 07:29:31,2152-11-09 22:59:07,1:57:00,test
10,1905-11-09 17:06:55,1905-11-09 17:06:55,,
1,1894-02-17 00:37:13,2215-06-14 00:29:54,1:05:12,test
10,2245-07-25 13:01:32,2245-07-25 13:01:32,,
1,1818-07-05 09:18:30,2140-05-28 01:36:11,20:16:47,test
10,1979-08-19 00:57:38,1979-08-19 00:57:38,,
1,1769-08-31 05:22:02,2261-02-05 04:19:29,13:30:09,test
10,2096-11-06 01:19:46,2096-11-06 01:19:46,,
1,1830-08-04 03:13:46,2094-12-10 12:16:45,10:02:54,test
10,1776-07-30 13:42:47,1776-07-30 13:42:47,,
1,1766-02-04 10:54:47,2226-01-12 15:51:42,0:01:55,test
10,1755-05-17 22:40:55,1755-05-17 22:40:55,,
1,1811-12-21 00:14:40,2180-11-16 01:49:18,23:48:25,test
10,1832-10-14 08:26:15,1832-10-14 08:26:15,,
1,1949-10-19 10:28:40,2232-02-24 03:02:40,0:20:02,test
10,1797-07-09 00:49:20,1797-07-09 00:49:20,,
1,1968-04-03 06:12:08,2204-01-22 02:17:16,10:20:40,test
10,2030-12-05 19:16:35,2030-12-05 19:16:35,,
1,1825-02-01 02:20:06,2113-10-23 11:16:28,8:26:10,test
10,1881-03-27 00:52:31,1881-03-27 00:52:31,,
1,1932-09-19 06:16:11,2115-06-02 00:03:07,17:34:52,test
10,2181-10-17 02:55:29,2181-10-17 02:55:29,,
1,1918-03-20 07:56:16,2254-07-03 17:05:39,15:56:32,test
10,2080-02-22 02:51:43,2080-02-22 02:51:43,,
1,1893-06-17 02:57:09,2123-05-04 22:59:12,13:29:39,test
10,2200-08-18 03:21:47,2200-08-18 03:21:47,,
1,1787-02-17 10:09:06,2096-07-20 15:18:41,4:32:33,test
10,1880-05-17 22:02:36,1880-05-17 22:02:36,,
1,1906-12-10 20:09:45,2160-05-11 11:01:27,3:15:46,test
10,1942-05-21 11:30:18,1942-05-21 11:30:18,,
1,1887-05-30 02:49:47,2237-03-05 23:11:20,0:08:59,test
10,1914-07-21 04:32:13,1914-07-21 04:32:13,,
1,1814-08-06 06:16:36,2298-05-30 19:40:26,0:18:29,test
10,1848-01-03 16:15:53,1848-01-03 16:15:53,,
1,1928-11-12 20:40:09,2197-03-04 22:20:38,14:59:04,test
10,2085-09-16 09:02:08,2085-09-16 09:02:08,,
1,1792-09-20 23:17:05,2147-01-06 16:56:18,9:40:17,test
10,1969-12-08 01:59:11,1969-12-08 01:59:11,,
1,1920-07-25 02:26:22,2203-12-07 19:07:11,18:42:44,test
10,1900-02-12 16:13:05,1900-02-12 16:13:05,,
1,1918-01-13 05:23:42,2175-11-02 10:04:26,20:36:34,test
10,2074-08-22 09:10:22,2074-08-22 09:10:22,,
1,1802-07-13 11:09:51,2270-04-13 13:28:56,16:55:18,test
10,2097-03-16 18:41:41,2097-03-16 18:41:41,,
1,1934-12-03 15:13:09,2092-10-22 19:47:44,14:52:04,test
10,2269-04-13 15:53:20,2269-04-13 15:53:20,,
1,1858-08-22 20:53:32,2152-07-23 00:36:58,4:32:13,test
10,2025-12-18 20:04:01,2025-12-18 20:04:01,,
1,1824-10-30 21:49:27,2089-05-04 04:25:36,12:59:33,test
10,2197-11-20 19:26:59,2197-11-20 19:26:59,,
1,1950-09-05 03:55:08,2222-03-28 09:18:38,3:18:05,test
10,1815-09-17 06:44:44,1815-09-17 06:44:44,,
1,1937-01-18 09:20:30,2073-09-14 04:56:00,9:26:35,test
10,1928-05-12 19:33:03,1928-05-12 19:33:03,,
1,1909-11-26 20:02:22,2131-01-21 09:11:20,11:49:10,test
10,2017-11-05 13:46:24,2017-11-05 13:46:24,,
1,1833-06-09 04:58:49,2093-09-23 09:56:16,4:06:23,test
10,1827-03-09 18:00:25,1827-03-09 18:00:25,,
1,2012-07-21 05:17:29,2051-09-16 23:01:48,5:50:25,test
10,1854-03-30 00:51:26,1854-03-30 00:51:26,,
1,1762-08-06 00:06:40,2068-02-22 21:26:24,3:41:48,test
10,1948-02-26 21:25:58,1948-02-26 21:25:58,,
1,1833-07-26 01:04:41,2234-02-22 12:01:35,14:07:47,test
10,2243-01-26 11:10:27,2243-01-26 11:10:27,,
1,1929-06-12 09:04:45,2081-10-11 00:04:07,7:55:38,test
10,1967-08-11 19:32:15,1967-08-11 19:32:15,,
1,1990-11-08 15:21:16,2115-04-01 06:35:14,14:13:13,test
10,1863-05-01 11:20:16,1863-05-01 11:20:16,,
1,1808-06-29 22:18:10,2101-10-08 03:35:33,18:02:09,test
10,1752-09-16 10:44:44,1752-09-16 10:44:44,,
1,1792-01-02 16:15:02,2254-07-20 23:58:39,3:38:39,test
10,1907-07-18 06:34:29,1907-07-18 06:34:29,,
1,2016-11-25 00:56:41,2132-03-11 21:50:27,19:59:20,test
10,1923-07-10 07:09:25,1923-07-10 07:09:25,,
1,1876-05-18 09:57:55,2236-12-17 10:04:53,1:27:42,test
10,1817-12-15 02:34:20,1817-12-15 02:34:20,,
1,1990-07-07 17:41:30,2063-07-14 02:28:28,22:35:12,test
10,1962-10-07 12:06:33,1962-10-07 12:06:33,,
1,1819-07-12 12:34:41,2288-09-13 02:40:36,2:11:59,test
10,2079-02-03 22:11:17,2079-02-03 22:11:17,,
1,1889-11-01 03:28:07,2224-05-13 15:42:40,2:22:05,test
10,2081-04-23 01:59:09,2081-04-23 01:59:09,,
1,1880-03-06 05:28:49,2262-08-04 19:55:50,23:40:50,test
10,1894-02-01 02:05:55,1894-02-01 02:05:55,,
1,1913-07-06 13:33:43,2133-07-29 18:48:37,8:51:12,test
10,1882-12-31 23:55:18,1882-12-31 23:55:18,,
1,1909-05-24 02:34:08,2154-07-26 04:38:06,22:14:01,test
10,2122-07-27 12:41:45,2122-07-27 12:41:45,,
1,1996-09-26 21:52:59,2288-12-17 08:16:52,22:08:54,test
10,1881-04-10 22:24:35,1881-04-10 22:24:35,,
1,1852-01-15 20:46:25,2118-06-26 21:23:04,21:07:35,test
10,2075-10-10 04:53:24,2075-10-10 04:53:24,,
1,1823-08-20 22:20:07,2239-10-10 21:57:14,20:45:54,test
10,1929-01-16 19:39:40,1929-01-16 19:39:40,,
1,1856-06-08 22:52:27,2231-02-28 01:05:04,2:45:19,test
10,1856-04-20 23:52:16,1856-04-20 23:52:16,,
1,1801-01-03 19:06:25,2191-05-25 21:11:14,3:07:42,test
10,2230-10-01 22:14:01,2230-10-01 22:14:01,,
1,1764-08-24 23:02:02,2069-07-12 07:20:32,0:55:38,test
10,2234-07-03 19:21:29,2234-07-03 19:21:29,,
1,1979-02-16 00:39:05,2167-06-09 03:29:28,12:18:26,test
10,1811-07-12 16:20:28,1811-07-12 16:20:28,,
1,1810-10-19 15:47:00,2236-01-30 19:45:03,14:37:32,test
10,2041-07-11 21:41:50,2041-07-11 21:41:50,,
1,1961-02-14 06:18:14,2103-07-30 15:30:03,11:31:49,test
10,1832-11-21 12:45:59,1832-11-21 12:45:59,,
1,2001-01-17 22:42:59,2189-01-03 17:47:43,15:55:03,test
10,2035-04-14 06:49:36,2035-04-14 06:49:36,,
1,1791-10-09 21:26:53,2266-05-20 23:01:49,4:13:13,test
10,2191-11-29 10:15:50,2191-11-29 10:15:50,,
1,1850-11-05 17:49:07,2285-03-29 04:46:13,3:40:02,test
10,1921-03-27 02:58:20,1921-03-27 02:58:20,,
1,1851-01-27 12:14:45,2116-03-12 11:09:02,1:47:03,test
10,1860-03-16 06:37:57,1860-03-16 06:37:57,,
1,2013-06-10 11:09:29,2169-03-24 16:33:24,0:53:39,test
10,2251-09-07 18:38:33,2251-09-07 18:38:33,,
1,1807-08-03 06:37:12,2180-01-23 14:45:15,18:26:30,test
10,1799-12-21 01:57:33,1799-12-21 01:57:33,,
1,1852-11-02 21:45:56,2219-08-02 02:32:22,8:25:09,test
10,2076-12-09 04:23:15,2076-12-09 04:23:15,,
1,1843-07-05 03:10:57,2116-05-16 16:43:13,3:06:08,test
10,2106-12-06 23:50:53,2106-12-06 23:50:53,,
1,1830-07-23 17:43:38,2211-10-04 08:28:28,13:06:39,test
10,1824-11-06 23:48:34,1824-11-06 23:48:34,,
1,1844-09-12 07:48:11,2113-10-28 07:56:48,8:11:39,test
10,2277-02-11 10:10:39,2277-02-11 10:10:39,,
1,2024-10-09 17:41:56,2142-05-08 06:53:07,1:31:24,test
10,2217-05-29 22:50:31,2217-05-29 22:50:31,,
1,1906-06-22 00:01:37,2122-05-19 13:18:40,19:45:56,test
10,1850-06-30 03:03:15,1850-06-30 03:03:15,,
1,1971-01-12 23:50:53,2083-07-16 19:27:25,19:55:30,test
10,2155-12-07 06:37:41,2155-12-07 06:37:41,,
1,1850-12-25 14:57:44,2064-01-19 02:07:07,3:50:48,test
10,2264-09-26 01:15:28,2264-09-26 01:15:28,,
1,1868-10-28 19:15:53,2128-10-27 18:00:06,17:19:22,test
10,1834-03-20 16:33:05,1834-03-20 16:33:05,,
1,1972-03-19 07:48:05,2194-10-24 18:36:05,18:22:22,test
10,2263-04-26 13:12:34,2263-04-26 13:12:34,,
1,1880-08-21 11:05:05,2255-03-14 20:46:05,17:22:48,test
10,2259-03-25 12:16:36,2259-03-25 12:16:36,,
1,1836-03-21 21:48:02,2178-05-25 08:36:59,1:49:01,test
10,2155-11-12 15:38:02,2155-11-12 15:38:02,,
1,1770-09-12 21:06:23,2120-02-10 21:46:13,15:05:12,test
10,2055-02-11 05:11:33,2055-02-11 05:11:33,,
1,1914-10-02 21:48:51,2177-02-27 04:18:50,1:34:56,test
10,1934-12-17 02:13:31,1934-12-17 02:13:31,,
1,1974-09-25 13:14:41,2280-09-29 12:55:34,1:49:32,test
10,1963-09-28 18:57:29,1963-09-28 18:57:29,,
1,1841-05-11 10:46:38,2195-09-19 00:10:41,7:56:00,test
10,2068-06-03 14:28:59,2068-06-03 14:28:59,,
1,1795-01-12 12:15:06,2237-02-01 22:54:06,15:46:45,test
10,2008-03-26 22:00:18,2008-03-26 22:00:18,,
1,2007-11-08 06:55:26,2208-09-19 18:24:52,2:16:42,test
10,2004-02-08 23:49:13,2004-02-08 23:49:13,,
1,1814-09-03 20:03:19,2043-12-17 02:03:14,1:42:09,test
10,1761-09-08 00:19:40,1761-09-08 00:19:40,,
1,1817-07-24 09:40:26,2237-02-11 16:56:12,18:01:04,test
10,2151-03-08 19:00:36,2151-03-08 19:00:36,,
1,1924-12-27 03:15:23,2042-03-15 14:35:25,18:37:31,test
10,1935-09-25 21:19:06,1935-09-25 21:19:06,,
1,1821-07-18 13:34:15,2126-12-30 18:38:06,15:11:17,test
10,2057-01-15 07:09:14,2057-01-15 07:09:14,,
1,1841-08-16 01:05:10,2158-10-25 01:41:10,18:53:33,test
10,2081-02-22 00:13:29,2081-02-22 00:13:29,,
1,1884-02-02 03:59:18,2090-08-26 00:11:03,11:34:45,test
10,1980-06-15 08:33:35,1980-06-15 08:33:35,,
1,2024-05-04 14:17:03,2285-11-22 13:24:58,20:58:24,test
10,1829-10-30 14:18:25,1829-10-30 14:18:25,,
1,1978-04-24 20:08:55,2279-05-09 05:39:35,22:08:25,test
10,2217-09-27 12:00:02,2217-09-27 12:00:02,,
1,1757-10-26 23:13:54,2195-11-28 11:07:46,0:01:02,test
10,1817-01-17 21:36:44,1817-01-17 21:36:44,,
1,1897-06-05 21:38:33,2170-01-26 17:15:50,6:14:56,test
10,2248-02-05 20:22:29,2248-02-05 20:22:29,,
1,1778-05-07 19:42:31,2055-12-12 00:08:36,22:12:45,test
10,2289-06-14 10:07:05,2289-06-14 10:07:05,,
1,1798-05-31 11:55:25,2159-01-17 06:20:06,0:05:21,test
10,1766-05-15 16:41:47,1766-05-15 16:41:47,,
1,1893-11-13 06:41:26,2119-01-25 22:26:56,1:00:40,test
10,2079-05-29 04:46:05,2079-05-29 04:46:05,,
1,1882-08-16 20:45:59,2095-10-11 11:38:57,1:25:07,test
10,2003-01-05 20:30:54,2003-01-05 20:30:54,,
1,1886-12-28 11:15:02,2101-10-31 22:11:14,19:17:54,test
10,2094-04-01 10:16:04,2094-04-01 10:16:04,,
1,1900-08-28 01:36:27,2250-01-05 15:01:05,0:43:29,test
10,1825-06-06 01:28:39,1825-06-06 01:28:39,,
1,1898-05-18 14:13:38,2264-03-24 20:19:39,20:30:03,test
10,2210-02-05 12:29:35,2210-02-05 12:29:35,,
1,1995-10-15 20:20:36,2189-01-27 19:44:16,8:34:07,test
10,2106-10-22 15:48:38,2106-10-22 15:48:38,,
1,1942-02-04 07:48:58,2076-11-13 00:07:59,15:30:00,test
10,2225-07-17 10:25:32,2225-07-17 10:25:32,,
1,1894-07-11 01:14:32,2225-10-20 08:56:29,1:35:01,test
10,2206-02-01 08:56:27,2206-02-01 08:56:27,,
1,1874-11-07 19:29:00,2028-01-31 11:18:18,17:04:14,test
10,1872-11-17 16:07:21,1872-11-17 16:07:21,,
1,1942-12-20 17:32:07,2174-12-03 23:30:54,3:21:09,test
10,2030-11-17 11:17:19,2030-11-17 11:17:19,,
1,2015-09-25 21:32:15,2130-10-31 21:06:58,13:21:32,test
10,1763-08-25 21:39:48,1763-08-25 21:39:48,,
1,1991-09-08 11:37:10,2249-09-22 09:19:15,6:55:26,test
10,1886-06-07 14:58:36,1886-06-07 14:58:36,,
1,1889-02-23 07:40:50,2061-10-10 21:47:38,5:06:20,test
10,1883-11-07 20:14:33,1883-11-07 20:14:33,,
1,1802-02-07 11:48:49,2241-09-13 02:56:35,19:05:09,test
10,1927-06-03 01:33:56,1927-06-03 01:33:56,,
1,1967-10-09 07:13:39,2101-03-16 02:58:08,23:05:26,test
10,2150-03-07 08:56:42,2150-03-07 08:56:42,,
1,1842-11-18 23:35:24,2153-10-05 01:49:09,9:37:11,test
10,2226-08-08 13:17:12,2226-08-08 13:17:12,,
1,1879-07-23 02:49:06,2134-07-06 18:03:52,9:12:49,test
10,1817-02-07 21:45:22,1817-02-07 21:45:22,,
1,1794-11-14 13:40:37,2231-01-14 07:33:41,1:05:43,test
10,1884-02-18 00:44:45,1884-02-18 00:44:45,,
1,1962-05-10 07:03:48,2279-01-11 01:19:09,7:46:50,test
10,2070-03-04 13:08:00,2070-03-04 13:08:00,,
1,1774-04-12 22:41:37,2187-07-22 03:25:35,4:18:21,test
10,2055-12-11 04:36:47,2055-12-11 04:36:47,,
1,1937-06-03 00:34:59,2123-03-07 13:01:10,2:23:12,test
10,2122-12-08 15:33:36,2122-12-08 15:33:36,,
1,1807-05-06 21:25:15,2093-07-19 02:56:04,8:41:18,test
10,1858-03-01 03:25:59,1858-03-01 03:25:59,,
1,1820-11-25 11:17:04,2190-08-16 01:29:33,14:53:43,test
10,1858-06-27 08:21:54,1858-06-27 08:21:54,,
1,1836-01-31 19:05:16,2241-07-27 13:06:30,0:21:30,test
10,2217-01-30 03:47:13,2217-01-30 03:47:13,,
1,1751-04-07 06:37:04,2237-02-25 04:04:48,20:19:02,test
10,1785-01-31 04:52:28,1785-01-31 04:52:28,,
1,1802-06-26 05:56:10,2057-03-05 12:39:09,4:50:22,test
10,2056-05-16 17:37:07,2056-05-16 17:37:07,,
1,1904-09-23 23:20:37,2240-06-08 00:04:18,1:11:52,test
10,1864-11-25 13:34:50,1864-11-25 13:34:50,,
1,1818-09-24 07:26:41,2275-08-30 21:44:39,14:01:14,test
10,1908-11-20 15:06:37,1908-11-20 15:06:37,,
1,1967-10-16 10:59:01,2049-07-30 06:01:24,9:57:22,test
10,1913-12-26 22:14:54,1913-12-26 22:14:54,,
1,2015-05-28 21:23:00,2191-11-23 10:59:54,8:07:22,test
10,1876-07-28 16:05:04,1876-07-28 16:05:04,,
1,1971-07-14 16:14:53,2055-03-20 19:09:32,17:38:21,test
10,2082-09-12 03:30:54,2082-09-12 03:30:54,,
1,1787-01-30 13:06:51,2255-04-13 18:28:07,18:10:02,test
10,1824-02-04 02:24:22,1824-02-04 02:24:22,,
1,1859-08-14 02:43:44,2263-07-29 23:50:46,22:20:12,test
10,2138-10-03 02:24:50,2138-10-03 02:24:50,,
1,1764-03-01 03:54:33,2138-01-23 17:40:59,0:16:39,test
10,2258-08-16 11:57:44,2258-08-16 11:57:44,,
1,1901-12-04 19:31:03,2168-02-10 21:03:50,2:18:10,test
10,1762-05-02 06:39:19,1762-05-02 06:39:19,,
1,1994-04-19 12:24:03,2207-09-01 05:28:10,2:27:16,test
10,2241-03-08 14:12:40,2241-03-08 14:12:40,,
1,1900-09-28 10:05:43,2087-02-15 10:31:13,5:33:33,test
10,2177-11-13 15:58:17,2177-11-13 15:58:17,,
1,1921-02-11 22:00:47,2052-02-08 18:09:56,17:08:19,test
10,2182-01-30 17:56:56,2182-01-30 17:56:56,,
1,1835-11-16 09:53:23,2034-07-17 16:54:02,0:23:11,test
10,1943-10-24 09:29:04,1943-10-24 09:29:04,,
1,1767-07-09 01:56:32,2062-10-26 00:31:09,11:16:26,test
10,1896-07-20 14:01:00,1896-07-20 14:01:00,,
1,1826-05-31 10:23:02,2126-11-28 02:09:49,5:14:44,test
10,2248-05-15 20:59:30,2248-05-15 20:59:30,,
1,1893-07-21 06:59:20,2257-06-14 03:52:14,10:02:42,test
10,2100-08-22 05:53:21,2100-08-22 05:53:21,,
1,1841-06-24 11:49:13,2109-10-22 19:39:27,11:08:42,test
10,2002-03-02 13:36:23,2002-03-02 13:36:23,,
1,1885-04-20 10:35:29,2115-10-17 04:01:20,0:58:15,test
10,1813-06-20 13:28:43,1813-06-20 13:28:43,,
1,1936-06-10 04:19:26,2078-01-07 14:41:52,10:53:21,test
10,1971-11-02 14:49:58,1971-11-02 14:49:58,,
1,1867-12-21 14:17:32,2235-08-31 14:15:38,10:03:22,test
10,2127-08-05 08:23:11,2127-08-05 08:23:11,,
1,1872-08-13 19:08:55,2209-02-01 19:20:25,1:35:59,test
10,2079-07-19 02:01:19,2079-07-19 02:01:19,,
1,1926-12-01 22:51:12,2159-12-14 12:24:08,18:30:21,test
10,2141-10-12 13:57:28,2141-10-12 13:57:28,,
1,1917-03-16 14:48:39,2235-12-06 12:43:43,2:47:37,test
10,1780-02-06 17:40:01,1780-02-06 17:40:01,,
1,1842-05-06 05:28:11,2180-01-20 11:41:33,0:12:11,test
10,1906-07-09 23:55:14,1906-07-09 23:55:14,,
1,1911-05-08 18:29:58,2080-04-28 05:21:57,21:22:18,test
10,1980-04-04 21:50:00,1980-04-04 21:50:00,,
1,1761-02-12 04:53:42,2079-02-26 06:52:49,14:58:50,test
10,1941-05-26 13:04:26,1941-05-26 13:04:26,,
1,1968-02-11 17:13:27,2207-04-29 09:10:23,23:16:19,test
10,2246-05-14 15:20:45,2246-05-14 15:20:45,,
1,1756-10-14 13:42:24,2165-12-21 17:51:04,12:55:31,test
10,2084-02-11 02:09:55,2084-02-11 02:09:55,,
1,2011-07-02 14:52:12,2257-10-22 06:09:04,10:27:01,test
10,2237-01-08 03:00:33,2237-01-08 03:00:33,,
1,1930-10-31 14:16:16,2221-03-30 22:27:18,17:06:02,test
10,1942-06-15 09:03:26,1942-06-15 09:03:26,,
1,1837-08-29 11:43:40,2288-03-06 02:12:15,13:38:20,test
10,2236-06-19 00:55:29,2236-06-19 00:55:29,,
1,1784-07-14 05:52:18,2272-03-28 15:30:16,12:48:18,test
10,1989-10-07 20:39:21,1989-10-07 20:39:21,,
1,1857-05-11 08:13:44,2132-07-23 22:18:24,0:35:30,test
10,1933-10-24 13:57:46,1933-10-24 13:57:46,,
1,1955-02-17 04:31:26,2195-10-29 00:56:35,13:17:33,test
10,2001-09-27 23:27:30,2001-09-27 23:27:30,,
1,2021-06-06 19:04:48,2128-03-19 01:24:18,10:06:31,test
10,2189-01-15 13:53:50,2189-01-15 13:53:50,,
1,1814-12-20 07:57:31,2265-01-26 02:59:39,21:19:21,test
10,1792-11-21 12:45:00,1792-11-21 12:45:00,,
1,2002-02-20 02:27:26,2173-01-02 04:19:44,9:55:56,test
10,2148-09-01 21:53:48,2148-09-01 21:53:48,,
1,1890-03-01 03:29:16,2273-09-09 12:43:21,13:00:34,test
10,2060-06-13 03:04:20,2060-06-13 03:04:20,,
1,1962-06-22 09:24:31,2296-12-08 00:06:11,2:04:01,test
10,2015-07-04 14:01:48,2015-07-04 14:01:48,,
1,1799-09-12 02:42:56,2074-04-09 14:29:44,8:36:32,test
10,2289-08-26 11:50:11,2289-08-26 11:50:11,,
1,1993-07-15 02:07:38,2077-03-12 01:50:31,8:45:50,test
10,2076-05-27 09:29:15,2076-05-27 09:29:15,,
1,1913-03-01 02:04:31,2221-07-30 08:14:59,19:03:09,test
10,1910-12-24 06:09:16,1910-12-24 06:09:16,,
1,1792-03-05 06:19:58,2134-11-17 07:32:46,16:42:13,test
10,2050-01-07 17:33:27,2050-01-07 17:33:27,,
1,1830-10-22 00:43:06,2195-02-13 02:09:38,6:26:30,test
10,2133-10-01 18:47:41,2133-10-01 18:47:41,,
1,1756-12-27 11:42:52,2185-11-25 07:49:42,18:54:46,test
10,1927-02-01 23:12:43,1927-02-01 23:12:43,,
1,1760-04-25 15:04:17,2278-03-23 16:31:30,13:07:14,test
10,2278-11-08 02:36:15,2278-11-08 02:36:15,,
1,2024-09-08 17:15:29,2186-09-23 13:21:46,18:47:09,test
10,1899-12-14 22:42:16,1899-12-14 22:42:16,,
1,1812-03-15 23:33:34,2099-03-31 03:45:51,20:42:08,test
10,2169-09-04 07:56:11,2169-09-04 07:56:11,,
1,1947-04-11 22:20:26,2241-09-14 22:31:26,0:10:44,test
10,2051-05-31 20:11:17,2051-05-31 20:11:17,,
1,1925-04-17 14:04:06,2229-08-12 06:01:07,16:00:58,test
10,2119-05-14 05:08:26,2119-05-14 05:08:26,,
1,1762-05-07 11:02:37,2261-06-11 00:37:04,10:31:49,test
10,1796-05-19 23:24:15,1796-05-19 23:24:15,,
1,1839-03-21 15:36:20,2266-08-15 20:31:27,3:14:07,test
10,1854-05-31 17:30:10,1854-05-31 17:30:10,,
1,1768-03-18 00:15:44,2155-03-04 21:37:25,14:48:45,test
10,1788-09-15 22:59:26,1788-09-15 22:59:26,,
1,2009-04-24 00:48:27,2032-07-20 17:56:07,3:13:35,test
10,1992-12-24 13:38:37,1992-12-24 13:38:37,,
1,1969-04-24 01:53:00,2155-10-02 07:13:27,2:08:11,test
10,1887-09-25 10:14:46,1887-09-25 10:14:46,,
1,1846-12-25 22:07:58,2052-09-20 15:12:30,22:06:28,test
10,2242-12-10 17:38:59,2242-12-10 17:38:59,,
1,1754-07-02 19:51:58,2225-10-21 04:12:12,1:54:24,test
10,1773-12-27 23:59:32,1773-12-27 23:59:32,,
1,1848-05-29 08:36:59,2105-09-01 03:27:34,12:47:08,test
10,2058-10-16 16:34:29,2058-10-16 16:34:29,,
1,1953-08-16 23:03:24,2268-10-16 06:54:02,9:09:53,test
10,2007-11-03 09:51:44,2007-11-03 09:51:44,,
1,1946-09-18 09:42:37,2191-06-05 15:46:51,2:54:35,test
10,1869-08-03 00:58:18,1869-08-03 00:58:18,,
1,1830-09-03 10:50:30,2274-06-02 22:23:38,1:15:54,test
10,2093-08-22 10:17:35,2093-08-22 10:17:35,,
1,1960-04-29 18:48:37,2060-11-02 05:15:31,16:25:52,test
10,1914-10-09 06:09:40,1914-10-09 06:09:40,,
1,1942-03-07 20:13:31,2165-09-27 04:41:51,17:50:22,test
10,1797-05-06 00:06:27,1797-05-06 00:06:27,,
1,1781-03-09 00:45:51,2076-09-17 02:58:30,14:01:29,test
10,1875-06-21 03:26:28,1875-06-21 03:26:28,,
1,1778-07-24 16:47:32,2085-12-11 05:21:17,20:59:33,test
10,1806-01-20 06:57:53,1806-01-20 06:57:53,,
1,1950-05-22 20:20:45,2060-09-19 22:08:36,4:51:10,test
10,1916-03-16 05:47:32,1916-03-16 05:47:32,,
1,1789-07-21 22:22:02,2257-08-05 02:10:47,7:20:49,test
10,1811-03-06 13:04:00,1811-03-06 13:04:00,,
1,2003-07-09 20:46:05,2183-09-15 01:31:40,3:19:35,test
10,2169-12-23 22:27:40,2169-12-23 22:27:40,,
1,1753-03-05 04:24:12,2170-06-06 11:55:23,15:46:43,test
10,1751-04-23 04:32:12,1751-04-23 04:32:12,,
1,1804-06-17 22:20:35,2249-03-18 19:50:04,20:58:59,test
10,2019-11-18 17:46:51,2019-11-18 17:46:51,,
1,2021-03-05 15:55:16,2206-01-18 16:06:17,16:04:44,test
10,2066-07-19 18:17:40,2066-07-19 18:17:40,,
1,1930-07-28 08:53:56,2290-10-26 19:50:00,2:14:06,test
10,2268-12-06 10:34:57,2268-12-06 10:34:57,,
1,1989-01-10 03:40:22,2036-10-26 03:03:26,13:14:03,test
10,2100-06-14 11:21:35,2100-06-14 11:21:35,,
1,1876-10-05 04:09:05,2095-02-24 05:45:38,10:33:53,test
10,1869-12-24 06:57:55,1869-12-24 06:57:55,,
1,1894-03-28 00:37:52,2145-04-27 04:29:43,0:37:12,test
10,2217-05-16 16:51:35,2217-05-16 16:51:35,,
1,1903-05-20 04:59:24,2072-08-03 08:17:02,7:47:49,test
10,2153-08-11 06:55:36,2153-08-11 06:55:36,,
1,1956-10-15 18:54:01,2113-11-08 15:57:49,16:22:39,test
10,2043-07-24 22:52:45,2043-07-24 22:52:45,,
1,1984-01-13 12:20:07,2221-11-30 13:12:56,3:39:14,test
10,2037-07-02 13:17:34,2037-07-02 13:17:34,,
1,1887-03-28 09:54:35,2120-06-14 03:05:28,4:59:11,test
10,2233-06-29 12:22:28,2233-06-29 12:22:28,,
1,1899-02-10 22:06:49,2150-12-20 05:04:20,15:59:06,test
10,2109-07-30 13:13:59,2109-07-30 13:13:59,,
1,1975-09-08 01:27:31,2219-05-05 04:04:44,11:08:11,test
10,2086-10-14 10:33:47,2086-10-14 10:33:47,,
1,1783-04-04 20:27:02,2249-07-09 03:25:36,0:07:30,test
10,1796-08-12 08:30:22,1796-08-12 08:30:22,,
1,1780-04-25 02:58:56,2051-05-01 03:38:20,1:01:43,test
10,1906-11-03 14:06:12,1906-11-03 14:06:12,,
1,1792-10-07 04:49:56,2140-12-14 22:39:39,6:22:42,test
10,1893-12-05 23:43:33,1893-12-05 23:43:33,,
1,1994-06-25 00:03:00,2168-01-22 18:34:17,1:25:35,test
10,1893-05-09 09:10:01,1893-05-09 09:10:01,,
1,2024-02-06 18:45:03,2089-07-20 06:41:54,23:24:46,test
10,1812-05-07 03:39:47,1812-05-07 03:39:47,,
1,1972-05-04 20:37:46,2093-11-11 20:04:41,1:00:51,test
10,2226-07-25 00:20:01,2226-07-25 00:20:01,,
1,1958-06-12 11:13:24,2094-05-28 01:37:10,18:09:23,test
10,2030-06-24 09:44:01,2030-06-24 09:44:01,,
1,1773-06-07 13:14:39,2144-02-02 14:37:38,9:39:24,test
10,1916-04-07 10:58:10,1916-04-07 10:58:10,,
1,1845-03-17 17:15:43,2187-10-06 13:53:08,1:22:07,test
10,1853-09-07 18:20:09,1853-09-07 18:20:09,,
1,1903-12-11 13:57:49,2069-07-27 04:34:40,22:22:12,test
10,1913-08-01 10:02:49,1913-08-01 10:02:49,,
1,1833-09-18 21:43:37,2030-04-22 20:11:48,20:11:48,test
10,1884-10-19 07:48:31,1884-10-19 07:48:31,,
1,2000-03-28 21:30:55,2026-08-14 00:28:46,10:15:13,test
10,1874-11-29 19:18:58,1874-11-29 19:18:58,,
1,1778-11-13 09:07:54,2221-06-20 18:28:01,13:07:02,test
10,2100-10-22 17:55:59,2100-10-22 17:55:59,,
1,1944-09-28 20:19:34,2260-11-01 03:13:34,23:01:19,test
10,1785-10-22 15:36:29,1785-10-22 15:36:29,,
1,1887-07-13 20:27:55,2074-01-12 23:08:24,18:11:19,test
10,1936-07-16 18:30:07,1936-07-16 18:30:07,,
1,1831-03-17 17:19:52,2095-08-23 06:21:17,11:37:34,test
10,2201-08-23 23:53:42,2201-08-23 23:53:42,,
1,1885-12-13 05:04:12,2067-12-24 00:00:32,11:03:37,test
10,1905-08-06 06:41:58,1905-08-06 06:41:58,,
1,1862-12-30 20:39:16,2132-11-03 21:42:33,3:10:29,test
10,1786-03-11 02:30:49,1786-03-11 02:30:49,,
1,1818-05-20 07:28:21,2028-05-20 14:47:01,22:51:49,test
10,1781-01-16 21:04:07,1781-01-16 21:04:07,,
1,1935-10-27 15:45:07,2061-06-14 15:05:45,1:01:07,test
10,2011-02-26 13:09:28,2011-02-26 13:09:28,,
1,1932-09-16 08:12:40,2214-09-25 12:45:13,14:43:10,test
10,2007-11-19 20:32:05,2007-11-19 20:32:05,,
1,1996-03-21 00:12:53,2284-12-11 05:23:15,12:01:57,test
10,1948-12-27 04:19:39,1948-12-27 04:19:39,,
1,1868-03-07 02:59:06,2137-04-27 03:29:34,4:13:43,test
10,1885-05-12 12:24:04,1885-05-12 12:24:04,,
1,1757-01-16 03:08:11,2130-08-21 08:27:01,2:04:29,test
10,1864-12-08 20:22:51,1864-12-08 20:22:51,,
1,2018-05-26 22:47:18,2155-07-09 20:18:57,9:24:46,test
10,2042-04-09 12:17:27,2042-04-09 12:17:27,,
1,1968-06-04 13:34:19,2123-09-27 05:06:51,2:26:23,test
10,2096-10-10 23:10:12,2096-10-10 23:10:12,,
1,1902-10-17 05:06:51,2275-07-04 10:25:10,20:08:16,test
10,1766-01-03 10:30:31,1766-01-03 10:30:31,,
1,1762-01-11 09:54:05,2277-06-30 01:43:21,17:01:28,test
10,2016-01-25 15:38:58,2016-01-25 15:38:58,,
1,1823-10-22 10:57:01,2201-01-17 08:31:21,2:56:19,test
10,2188-04-02 03:29:13,2188-04-02 03:29:13,,
1,1956-04-11 03:57:57,2033-05-16 19:07:03,5:00:50,test
10,2166-09-17 20:52:34,2166-09-17 20:52:34,,
1,1960-04-09 22:01:03,2105-10-27 15:08:41,18:36:18,test
10,2037-04-19 03:39:30,2037-04-19 03:39:30,,
1,1940-06-06 07:41:09,2056-12-16 10:53:41,12:01:46,test
10,1775-09-13 16:01:36,1775-09-13 16:01:36,,
1,1932-11-28 16:37:16,2176-08-08 18:31:07,21:21:41,test
10,1889-07-21 01:17:30,1889-07-21 01:17:30,,
1,1931-09-04 02:20:51,2282-02-04 03:56:53,18:41:46,test
10,2048-10-23 08:08:10,2048-10-23 08:08:10,,
1,2005-12-30 08:55:39,2099-08-25 23:04:47,19:15:10,test
10,1776-07-09 14:31:30,1776-07-09 14:31:30,,
1,1755-10-17 15:45:34,2070-10-23 17:35:02,0:02:31,test
10,1837-03-14 03:07:51,1837-03-14 03:07:51,,
1,1849-05-10 02:20:57,2188-02-03 12:02:12,20:50:00,test
10,2280-08-15 02:28:13,2280-08-15 02:28:13,,
1,1985-01-01 11:27:03,2025-06-05 04:14:47,17:16:38,test
10,2281-02-26 13:17:14,2281-02-26 13:17:14,,
1,1850-06-10 15:41:54,2137-09-26 10:33:32,16:13:24,test
10,1953-02-16 21:16:28,1953-02-16 21:16:28,,
1,1999-11-09 14:12:04,2091-05-14 18:44:18,0:10:09,test
10,2224-10-26 08:22:26,2224-10-26 08:22:26,,
1,1771-01-06 05:21:35,2166-05-03 20:41:31,0:51:21,test
10,1784-05-06 02:25:09,1784-05-06 02:25:09,,
1,1780-02-28 03:15:49,2124-03-15 21:50:22,14:55:41,test
10,2033-12-13 00:31:45,2033-12-13 00:31:45,,
1,1886-10-17 14:26:02,2110-06-01 23:46:58,22:37:42,test
10,2272-11-21 02:27:44,2272-11-21 02:27:44,,
1,1894-01-18 07:16:51,2206-07-18 21:58:56,13:57:08,test
10,2106-12-02 17:43:43,2106-12-02 17:43:43,,
1,1790-05-11 18:50:09,2258-03-18 10:51:47,18:58:29,test
10,1969-12-23 19:34:56,1969-12-23 19:34:56,,
1,2015-05-15 15:49:43,2062-06-18 15:38:42,4:27:12,test
10,2187-11-25 12:48:36,2187-11-25 12:48:36,,
1,1752-02-25 21:27:02,2230-04-12 09:36:08,13:52:56,test
10,2029-11-20 03:11:19,2029-11-20 03:11:19,,
1,1813-01-26 16:25:07,2229-07-04 07:27:00,20:24:12,test
10,1901-07-04 01:44:35,1901-07-04 01:44:35,,
1,1914-06-03 00:38:34,2241-01-14 05:15:18,15:56:43,test
10,1872-05-25 19:17:37,1872-05-25 19:17:37,,
1,1970-06-28 07:03:54,2290-01-17 13:22:39,6:20:12,test
10,2199-05-06 14:50:20,2199-05-06 14:50:20,,
1,1867-01-07 21:14:15,2199-08-03 00:11:06,11:33:45,test
10,2238-08-29 05:48:24,2238-08-29 05:48:24,,
1,1781-12-23 22:42:43,2265-06-18 21:11:31,12:00:32,test
10,2143-07-22 19:33:37,2143-07-22 19:33:37,,
1,1909-08-25 13:36:10,2174-02-27 12:08:57,13:00:44,test
10,2080-11-27 08:18:09,2080-11-27 08:18:09,,
1,1959-03-08 02:55:00,2173-02-17 03:50:45,14:13:09,test
10,1914-03-30 10:51:01,1914-03-30 10:51:01,,
1,1924-02-23 07:35:35,2077-08-13 02:51:54,6:04:31,test
10,1812-05-20 02:45:49,1812-05-20 02:45:49,,
1,2005-05-29 18:19:06,2092-08-08 03:14:15,21:16:10,test
10,1845-11-25 01:06:26,1845-11-25 01:06:26,,
1,1875-07-04 07:36:18,2238-11-12 01:39:41,7:32:57,test
10,2048-06-27 02:48:31,2048-06-27 02:48:31,,
1,1860-11-07 00:30:17,2270-05-07 21:27:08,4:10:07,test
10,2111-01-31 18:08:24,2111-01-31 18:08:24,,
1,2007-07-06 08:22:39,2057-12-13 03:01:07,20:17:38,test
10,1800-07-21 12:49:57,1800-07-21 12:49:57,,
1,1845-11-12 23:07:26,2146-07-09 06:09:45,0:04:17,test
10,1937-07-19 08:21:11,1937-07-19 08:21:11,,
1,1906-02-22 06:42:34,2264-10-12 16:55:53,16:29:14,test
10,2094-01-29 13:40:24,2094-01-29 13:40:24,,
1,1866-10-16 09:36:44,2280-12-01 21:17:31,19:38:45,test
10,2271-06-23 16:50:53,2271-06-23 16:50:53,,
1,2018-05-06 04:33:43,2056-08-31 21:56:22,2:13:06,test
10,2122-06-20 02:49:59,2122-06-20 02:49:59,,
1,1777-03-27 01:43:10,2298-03-03 01:08:00,23:57:18,test
10,1953-11-20 19:54:15,1953-11-20 19:54:15,,
1,1942-02-16 00:18:07,2186-11-04 15:36:07,6:01:24,test
10,2005-01-17 14:22:14,2005-01-17 14:22:14,,
1,1821-03-13 10:52:27,2044-11-10 21:27:09,4:57:46,test
10,1994-10-07 06:02:30,1994-10-07 06:02:30,,
1,1876-07-03 08:44:14,2072-01-20 22:25:04,8:30:43,test
10,1781-03-31 00:30:20,1781-03-31 00:30:20,,
1,1964-07-07 10:13:54,2148-03-03 16:15:49,19:27:18,test
10,2247-07-22 19:58:30,2247-07-22 19:58:30,,
1,1885-06-06 21:34:40,2171-08-18 17:59:14,7:20:33,test
10,2029-07-26 04:35:03,2029-07-26 04:35:03,,
1,2002-09-07 11:30:57,2271-11-23 10:04:05,13:36:44,test
10,2003-10-12 12:47:02,2003-10-12 12:47:02,,
1,1904-09-12 14:57:50,2224-11-13 04:50:52,6:24:12,test
10,2294-02-17 03:44:52,2294-02-17 03:44:52,,
1,1968-09-22 05:36:58,2077-02-27 04:16:04,2:29:14,test
10,1893-11-08 01:12:44,1893-11-08 01:12:44,,
1,1769-04-11 13:11:27,2293-05-01 01:44:32,9:49:42,test
10,2209-02-15 10:48:28,2209-02-15 10:48:28,,
1,2008-11-26 07:50:59,2205-11-11 04:13:45,0:44:09,test
10,1857-02-28 10:20:52,1857-02-28 10:20:52,,
1,1943-03-13 13:46:42,2103-07-18 15:13:44,6:55:11,test
10,2194-05-06 16:38:29,2194-05-06 16:38:29,,
1,1953-01-07 02:42:28,2124-06-05 15:00:49,2:47:31,test
10,1751-09-12 04:05:22,1751-09-12 04:05:22,,
1,1974-03-25 09:32:19,2071-11-28 18:15:59,14:45:45,test
10,2042-01-25 07:32:03,2042-01-25 07:32:03,,
1,1807-03-20 15:47:50,2152-07-01 19:32:39,10:05:05,test
10,2085-05-21 22:04:39,2085-05-21 22:04:39,,
1,1893-03-10 16:47:46,2089-09-13 03:49:39,19:40:53,test
10,2117-04-22 16:02:39,2117-04-22 16:02:39,,
1,1840-01-04 20:34:47,2264-10-20 06:02:40,12:53:37,test
10,2173-06-12 16:31:51,2173-06-12 16:31:51,,
1,1839-02-05 12:26:37,2117-08-01 19:52:03,14:51:20,test
10,2294-05-31 09:57:24,2294-05-31 09:57:24,,
1,1905-03-30 14:19:15,2185-05-30 12:28:32,16:43:48,test
10,1776-02-18 22:14:30,1776-02-18 22:14:30,,
1,1756-05-30 15:23:38,2117-01-24 12:47:39,16:31:38,test
10,2206-07-03 09:16:33,2206-07-03 09:16:33,,
1,1978-04-10 09:34:39,2202-12-08 16:56:29,18:57:39,test
10,1872-03-07 00:25:43,1872-03-07 00:25:43,,
1,2008-12-25 12:14:27,2127-05-01 19:41:49,13:31:08,test
10,2110-02-11 20:27:30,2110-02-11 20:27:30,,
1,1801-08-08 04:16:01,2081-10-10 21:23:22,2:57:30,test
10,1793-11-21 16:21:11,1793-11-21 16:21:11,,
1,1976-06-18 00:26:09,2241-10-12 19:11:14,13:26:11,test
10,2088-05-07 04:13:48,2088-05-07 04:13:48,,
1,1977-08-21 04:40:13,2181-10-07 13:12:58,20:42:28,test
10,1924-07-25 12:28:52,1924-07-25 12:28:52,,
1,1929-05-26 11:00:06,2268-11-14 23:57:36,16:08:07,test
10,2272-09-15 12:05:15,2272-09-15 12:05:15,,
1,1937-11-25 16:53:08,2198-12-14 19:51:58,11:22:49,test
10,1877-05-24 08:59:13,1877-05-24 08:59:13,,
1,1855-10-16 19:35:00,2167-03-18 02:24:23,6:35:14,test
10,1973-08-27 05:14:45,1973-08-27 05:14:45,,
1,1826-04-09 06:57:20,2072-04-12 05:47:31,4:08:03,test
10,2065-02-12 18:52:36,2065-02-12 18:52:36,,
1,1879-09-13 20:21:09,2198-09-12 13:30:54,15:01:51,test
10,1879-07-14 13:53:40,1879-07-14 13:53:40,,
1,1860-02-12 23:43:15,2210-04-03 09:15:36,2:32:00,test
10,2016-09-16 12:28:11,2016-09-16 12:28:11,,
1,1836-11-05 23:59:33,2176-10-11 07:02:34,2:20:28,test
10,2240-09-10 18:17:17,2240-09-10 18:17:17,,
1,1955-12-07 00:49:50,2246-11-28 17:14:19,6:15:11,test
10,2285-01-30 04:40:47,2285-01-30 04:40:47,,
1,1813-10-14 20:41:38,2111-11-12 06:48:42,2:34:47,test
10,1957-05-25 02:41:20,1957-05-25 02:41:20,,
1,1751-02-05 17:04:02,2283-10-31 19:16:35,0:58:31,test
10,1969-06-02 06:07:36,1969-06-02 06:07:36,,
1,1754-12-04 13:30:08,2271-07-24 10:35:46,4:46:47,test
10,1933-07-10 01:46:19,1933-07-10 01:46:19,,
1,1844-07-28 01:21:49,2046-10-28 06:05:56,2:06:13,test
10,2185-07-06 18:31:13,2185-07-06 18:31:13,,
1,1811-06-20 01:22:01,2117-05-09 14:21:52,17:06:18,test
10,2104-12-05 19:55:46,2104-12-05 19:55:46,,
1,1949-06-27 23:44:10,2241-04-23 16:19:18,12:38:40,test
10,1987-08-26 02:29:35,1987-08-26 02:29:35,,
1,1967-03-26 23:49:56,2105-01-17 20:12:41,13:44:53,test
10,1864-03-25 23:17:19,1864-03-25 23:17:19,,
1,1830-04-19 10:41:33,2185-08-04 12:24:07,11:02:18,test
10,2243-10-01 13:39:20,2243-10-01 13:39:20,,
1,1989-10-08 22:11:43,2165-12-26 15:43:13,16:11:48,test
10,1965-08-27 09:15:41,1965-08-27 09:15:41,,
1,1914-09-14 14:44:46,2264-05-25 18:41:48,19:08:06,test
10,2296-11-22 01:13:54,2296-11-22 01:13:54,,
1,1776-12-19 22:02:31,2165-09-17 21:15:17,7:09:44,test
10,1837-05-11 17:59:03,1837-05-11 17:59:03,,
1,2003-07-13 20:10:36,2203-02-04 08:32:01,20:55:35,test
10,2126-06-10 01:43:07,2126-06-10 01:43:07,,
1,1928-01-01 01:56:17,2121-07-28 04:23:59,19:04:14,test
10,1882-07-23 08:34:17,1882-07-23 08:34:17,,
1,1818-11-08 19:17:36,2134-05-03 01:14:09,21:44:55,test
10,1900-12-29 05:07:46,1900-12-29 05:07:46,,
1,1811-08-20 08:58:24,2214-02-28 19:56:22,13:33:40,test
10,2181-10-27 15:43:40,2181-10-27 15:43:40,,
1,1960-07-22 12:55:23,2068-05-29 01:49:35,20:51:42,test
10,1761-07-14 14:56:42,1761-07-14 14:56:42,,
1,1900-05-16 16:40:54,2283-06-27 08:39:13,9:46:29,test
10,2242-03-11 09:03:46,2242-03-11 09:03:46,,
1,1988-07-24 10:45:22,2255-11-02 04:39:33,2:57:14,test
10,1758-08-02 17:44:28,1758-08-02 17:44:28,,
1,1873-07-04 15:27:59,2281-07-11 04:01:22,1:31:24,test
10,1992-05-18 02:26:30,1992-05-18 02:26:30,,
1,1857-03-15 08:49:58,2114-02-24 17:26:13,0:43:52,test
10,2178-08-29 20:51:24,2178-08-29 20:51:24,,
1,1887-08-14 18:27:34,2238-02-18 18:05:39,14:47:59,test
10,2257-12-22 04:48:16,2257-12-22 04:48:16,,
1,1900-01-16 10:16:05,2102-10-29 16:06:31,0:40:58,test
10,2285-07-01 11:24:18,2285-07-01 11:24:18,,
1,1959-03-08 01:31:36,2205-12-27 19:47:53,3:12:45,test
10,2150-02-21 17:29:44,2150-02-21 17:29:44,,
1,1751-07-10 10:10:51,2100-10-20 04:06:53,20:07:08,test
10,2137-04-17 12:01:34,2137-04-17 12:01:34,,
1,1941-06-19 19:14:30,2032-02-25 03:02:27,13:51:32,test
10,2247-08-05 02:16:34,2247-08-05 02:16:34,,
1,1957-06-01 10:22:55,2281-10-07 09:33:59,3:34:16,test
10,1835-07-16 01:41:10,1835-07-16 01:41:10,,
1,1979-06-01 10:34:24,2267-03-02 16:41:56,23:17:16,test
10,1972-10-11 12:08:11,1972-10-11 12:08:11,,
1,1790-08-10 20:50:31,2040-07-12 20:53:37,0:15:14,test
10,1857-10-21 21:42:29,1857-10-21 21:42:29,,
1,1952-07-13 06:38:30,2215-02-22 13:21:21,1:50:20,test
10,1871-04-29 21:17:23,1871-04-29 21:17:23,,
1,2005-07-07 12:44:18,2276-10-17 01:20:28,19:53:05,test
10,1881-02-19 19:13:11,1881-02-19 19:13:11,,
1,1876-05-04 19:17:23,2045-03-26 12:04:31,10:08:11,test
10,2253-02-10 19:44:11,2253-02-10 19:44:11,,
1,1799-01-29 08:06:00,2140-10-20 20:28:07,4:38:52,test
10,2021-10-02 14:14:02,2021-10-02 14:14:02,,
1,1980-01-14 20:56:08,2041-09-25 11:16:16,13:42:07,test
10,1969-08-05 08:36:03,1969-08-05 08:36:03,,
1,1971-06-04 16:05:21,2158-08-01 10:13:50,0:27:55,test
10,2025-07-12 13:41:43,2025-07-12 13:41:43,,
1,1754-08-10 04:53:48,2097-07-06 19:03:09,19:16:14,test
10,2257-09-22 02:33:41,2257-09-22 02:33:41,,
1,1977-11-20 22:58:59,2132-05-02 08:24:16,3:42:40,test
10,2254-11-03 02:53:09,2254-11-03 02:53:09,,
1,1763-09-21 02:04:18,2180-04-01 05:19:58,1:28:34,test
10,1768-09-11 09:03:56,1768-09-11 09:03:56,,
1,1934-02-19 00:46:40,2244-02-12 21:33:04,0:57:49,test
10,2183-07-10 20:05:43,2183-07-10 20:05:43,,
1,1779-05-18 21:32:07,2114-01-19 04:10:51,12:04:09,test
10,2020-12-16 16:36:21,2020-12-16 16:36:21,,
1,1846-01-09 16:35:13,2068-09-15 12:34:30,7:43:22,test
10,2060-07-26 08:13:58,2060-07-26 08:13:58,,
1,1978-01-20 07:09:52,2121-09-16 01:39:28,2:56:49,test
10,2239-10-15 02:27:38,2239-10-15 02:27:38,,
1,2016-10-05 05:11:22,2260-12-31 08:38:27,3:10:33,test
10,1847-01-05 07:19:52,1847-01-05 07:19:52,,
1,1839-06-16 17:05:35,2238-02-06 03:22:24,21:27:30,test
10,2214-02-18 14:15:53,2214-02-18 14:15:53,,
1,1933-09-15 09:15:09,2223-02-20 10:42:13,5:24:42,test
10,2164-11-17 05:26:49,2164-11-17 05:26:49,,
1,1849-09-24 08:12:14,2092-02-26 19:01:17,18:48:02,test
10,1903-02-10 22:23:38,1903-02-10 22:23:38,,
1,1974-03-24 21:49:21,2090-05-02 02:08:43,1:50:04,test
10,2287-09-11 19:56:03,2287-09-11 19:56:03,,
1,1947-06-14 07:35:56,2255-11-13 20:01:53,4:08:41,test
10,1814-07-22 14:43:00,1814-07-22 14:43:00,,
1,1939-01-15 13:59:43,2078-05-30 02:01:21,10:54:59,test
10,2217-03-26 01:23:01,2217-03-26 01:23:01,,
1,2023-04-04 04:39:08,2074-08-07 12:54:47,22:59:27,test
10,1932-08-25 06:53:26,1932-08-25 06:53:26,,
1,1966-03-30 17:36:49,2119-02-24 17:35:05,2:45:49,test
10,2023-01-17 04:28:13,2023-01-17 04:28:13,,
1,1924-06-14 20:00:29,2266-10-31 01:00:16,6:49:34,test
10,1912-05-01 02:00:07,1912-05-01 02:00:07,,
1,1907-12-10 05:00:50,2176-01-18 22:03:05,7:48:18,test
10,1924-11-04 14:42:37,1924-11-04 14:42:37,,
1,1793-05-01 04:30:21,2156-03-06 01:40:17,1:23:13,test
10,1817-04-20 08:54:02,1817-04-20 08:54:02,,
1,1947-05-26 12:16:01,2075-01-17 21:50:40,0:38:09,test
10,1879-02-02 07:25:14,1879-02-02 07:25:14,,
1,2022-06-14 01:04:08,2292-06-23 11:42:50,15:22:15,test
10,1839-05-01 17:52:46,1839-05-01 17:52:46,,
1,1769-09-05 11:46:26,2040-05-17 11:56:35,7:19:18,test
10,2273-01-13 09:04:32,2273-01-13 09:04:32,,
1,1835-05-22 06:20:08,2136-05-29 12:51:21,8:14:35,test
